﻿"Time","__name__","activity_factor","agent_id","average_daily_volume","average_roundtrip_volume","base_balance","base_collateral","base_loan","combined_score","exported_netuid","gentrx_score","hotkey","id","instance","inventory_value","inventory_value_change","job","kappa","kappa_penalty","kappa_score","min_daily_volume","min_roundtrip_volume","miner_gauge_name","netuid","placement","pnl","pnl_change","pnl_factor","pnl_score","quote_balance","quote_collateral","quote_loan","score","sim_id","task","total_daily_volume","total_realized_pnl","total_roundtrip_volume","unnormalized_score","wallet","Value"
2026-06-09 13:31:50.000,miners,0,0,0,0,8611,0,0,0,79,0,5EWwdZB7qCCMaAso5Mzcks4UUcPxKYvpAj32t5Mg1v6HSxoF,0,84.32.70.8:9001,-36978,-178,bittensor,None,0,0,0,0,miners,79,252,12416,-178,1,0,3816594,0,0,0,20260606_1135,validator_metrics,0,0,0,0,5EWwdZB7qCCMaAso5Mzcks4UUcPxKYvpAj32t5Mg1v6HSxoF,1.00
2026-06-09 13:31:50.000,miners,0,101,6180,3085,8437,0,0,None,79,0,5EWwdZB7qCCMaAso5Mzcks4UUcPxKYvpAj32t5Mg1v6HSxoF,0,84.32.70.8:9001,-100563,-193,bittensor,None,None,None,428,214,miners,79,209,-100563,-193,1,None,3870447,0,0,4.75e-13,20260606_1135,validator_metrics,791025,1501,394904,0,5EWwdZB7qCCMaAso5Mzcks4UUcPxKYvpAj32t5Mg1v6HSxoF,1.00
2026-06-09 13:31:50.000,miners,0,109,5913,2951,8072,0,0,None,79,0,5EWwdZB7qCCMaAso5Mzcks4UUcPxKYvpAj32t5Mg1v6HSxoF,0,84.32.70.8:9001,-42892,-203,bittensor,None,None,None,444,200,miners,79,208,-42892,-203,1,None,3979841,0,0,4.82e-13,20260606_1135,validator_metrics,756877,1476,377677,0,5EWwdZB7qCCMaAso5Mzcks4UUcPxKYvpAj32t5Mg1v6HSxoF,1.00
2026-06-09 13:31:50.000,miners,0,113,0,0,8349,0,0,0,79,0,5EWwdZB7qCCMaAso5Mzcks4UUcPxKYvpAj32t5Mg1v6HSxoF,0,84.32.70.8:9001,-36004,-168,bittensor,None,0,0,0,0,miners,79,228,-36004,-168,1,0,3895213,0,0,0,20260606_1135,validator_metrics,0,0,0,0,5EWwdZB7qCCMaAso5Mzcks4UUcPxKYvpAj32t5Mg1v6HSxoF,1.00
2026-06-09 13:31:50.000,miners,0,115,2425,1054,8040,0,0,None,79,0,5EWwdZB7qCCMaAso5Mzcks4UUcPxKYvpAj32t5Mg1v6HSxoF,0,84.32.70.8:9001,-57288,-203,bittensor,None,None,None,2072,535,miners,79,235,-57288,-203,1,None,3987401,0,0,0,20260606_1135,validator_metrics,310366,-459,134973,0,5EWwdZB7qCCMaAso5Mzcks4UUcPxKYvpAj32t5Mg1v6HSxoF,1.00
2026-06-09 13:31:50.000,miners,0,117,21071,0,17418,0,0,None,79,0,5EWwdZB7qCCMaAso5Mzcks4UUcPxKYvpAj32t5Mg1v6HSxoF,0,84.32.70.8:9001,-13118,-406,bittensor,None,None,None,13010,0,miners,79,256,-13118,-406,1,None,1203568,0,0,0,20260606_1135,validator_metrics,2697103,0,0,0,5EWwdZB7qCCMaAso5Mzcks4UUcPxKYvpAj32t5Mg1v6HSxoF,1.00
2026-06-09 13:31:50.000,miners,0,119,6579,2690,8149,0,0,None,79,0,5EWwdZB7qCCMaAso5Mzcks4UUcPxKYvpAj32t5Mg1v6HSxoF,0,84.32.70.8:9001,-57697,-195,bittensor,None,None,None,5593,1493,miners,79,255,-57697,-195,1,None,3953674,0,0,0,20260606_1135,validator_metrics,842088,-1566,344306,0,5EWwdZB7qCCMaAso5Mzcks4UUcPxKYvpAj32t5Mg1v6HSxoF,1.00
2026-06-09 13:31:50.000,miners,0,120,0,0,8131,0,0,0,79,0,5EWwdZB7qCCMaAso5Mzcks4UUcPxKYvpAj32t5Mg1v6HSxoF,0,84.32.70.8:9001,-73201,-198,bittensor,None,0,0,0,0,miners,79,254,-73201,-198,1,0,3960664,0,0,0,20260606_1135,validator_metrics,0,0,0,0,5EWwdZB7qCCMaAso5Mzcks4UUcPxKYvpAj32t5Mg1v6HSxoF,1.00
2026-06-09 13:31:50.000,miners,0,123,10688,333,12647,0,0,None,79,0,5EWwdZB7qCCMaAso5Mzcks4UUcPxKYvpAj32t5Mg1v6HSxoF,0,84.32.70.8:9001,2465,-272,bittensor,None,None,None,10203,73.4,miners,79,222,2465,-272,1,None,2628406,0,0,1.44e-14,20260606_1135,validator_metrics,1368098,811,42596,0,5EWwdZB7qCCMaAso5Mzcks4UUcPxKYvpAj32t5Mg1v6HSxoF,1.00
2026-06-09 13:31:50.000,miners,0,132,21710,0,17392,0,0,None,79,0,5EWwdZB7qCCMaAso5Mzcks4UUcPxKYvpAj32t5Mg1v6HSxoF,0,84.32.70.8:9001,-13924,-394,bittensor,None,None,None,13154,0,miners,79,248,-13924,-394,1,None,1212604,0,0,0,20260606_1135,validator_metrics,2778878,0,0,0,5EWwdZB7qCCMaAso5Mzcks4UUcPxKYvpAj32t5Mg1v6HSxoF,1.00
2026-06-09 13:31:50.000,miners,0,133,5892,2942,8210,0,0,None,79,0,5EWwdZB7qCCMaAso5Mzcks4UUcPxKYvpAj32t5Mg1v6HSxoF,0,84.32.70.8:9001,-92718,-160,bittensor,None,None,None,0,0,miners,79,211,-92718,-160,1,None,3938456,0,0,4.58e-13,20260606_1135,validator_metrics,754201,1443,376580,0,5EWwdZB7qCCMaAso5Mzcks4UUcPxKYvpAj32t5Mg1v6HSxoF,1.00
2026-06-09 13:31:50.000,miners,0,136,5699,2845,8233,0,0,None,79,0,5EWwdZB7qCCMaAso5Mzcks4UUcPxKYvpAj32t5Mg1v6HSxoF,0,84.32.70.8:9001,-41204,-191,bittensor,None,None,None,444,222,miners,79,212,-41204,-191,1,None,3931467,0,0,4.37e-13,20260606_1135,validator_metrics,729451,1415,364178,0,5EWwdZB7qCCMaAso5Mzcks4UUcPxKYvpAj32t5Mg1v6HSxoF,1.00
2026-06-09 13:31:50.000,miners,0,138,3889,1792,8703,0,0,None,79,0,5EWwdZB7qCCMaAso5Mzcks4UUcPxKYvpAj32t5Mg1v6HSxoF,0,84.32.70.8:9001,-144,-209,bittensor,None,None,None,393,0,miners,79,218,-144,-209,1,None,3790279,0,0,1.47e-13,20260606_1135,validator_metrics,497822,664,229401,0,5EWwdZB7qCCMaAso5Mzcks4UUcPxKYvpAj32t5Mg1v6HSxoF,1.00
2026-06-09 13:31:50.000,miners,0,139,8881,4221,8190,0,0,None,79,0,5EWwdZB7qCCMaAso5Mzcks4UUcPxKYvpAj32t5Mg1v6HSxoF,0,84.32.70.8:9001,-52710,-183,bittensor,None,None,None,4834,2076,miners,79,203,-52710,-183,1,None,3944129,0,0,7.8e-13,20260606_1135,validator_metrics,1136767,1998,540225,0,5EWwdZB7qCCMaAso5Mzcks4UUcPxKYvpAj32t5Mg1v6HSxoF,1.00
2026-06-09 13:31:50.000,miners,0,143,30985,1696,19722,0,0,None,79,0,5EWwdZB7qCCMaAso5Mzcks4UUcPxKYvpAj32t5Mg1v6HSxoF,0,84.32.70.8:9001,-20873,-458,bittensor,None,None,None,24616,441,miners,79,225,-20873,-458,1,None,537457,0,0,7.16e-17,20260606_1135,validator_metrics,3966076,3056,217131,0,5EWwdZB7qCCMaAso5Mzcks4UUcPxKYvpAj32t5Mg1v6HSxoF,1.00
2026-06-09 13:31:50.000,miners,0,164,739,2.30,8707,0,0,None,79,0,5EWwdZB7qCCMaAso5Mzcks4UUcPxKYvpAj32t5Mg1v6HSxoF,0,84.32.70.8:9001,-1112,-204,bittensor,None,None,None,668,0,miners,79,240,-1112,-204,1,None,3789230,0,0,0,20260606_1135,validator_metrics,94552,2.89,295,0,5EWwdZB7qCCMaAso5Mzcks4UUcPxKYvpAj32t5Mg1v6HSxoF,1.00
2026-06-09 13:31:50.000,miners,0,169,6005,2998,8019,0,0,None,79,0,5EWwdZB7qCCMaAso5Mzcks4UUcPxKYvpAj32t5Mg1v6HSxoF,0,84.32.70.8:9001,-39265,-200,bittensor,None,None,None,276,128,miners,79,213,-39265,-200,1,None,3995603,0,0,4.18e-13,20260606_1135,validator_metrics,768610,1442,383749,0,5EWwdZB7qCCMaAso5Mzcks4UUcPxKYvpAj32t5Mg1v6HSxoF,1.00
2026-06-09 13:31:50.000,miners,0,170,13325,394,13918,0,0,None,79,0,5EWwdZB7qCCMaAso5Mzcks4UUcPxKYvpAj32t5Mg1v6HSxoF,0,84.32.70.8:9001,3732,-307,bittensor,None,None,None,10417,73.4,miners,79,221,3732,-307,1,None,2253221,0,0,1.69e-14,20260606_1135,validator_metrics,1705636,994,50474,0,5EWwdZB7qCCMaAso5Mzcks4UUcPxKYvpAj32t5Mg1v6HSxoF,1.00
2026-06-09 13:31:50.000,miners,0,173,6532,3261,8321,0,0,None,79,0,5EWwdZB7qCCMaAso5Mzcks4UUcPxKYvpAj32t5Mg1v6HSxoF,0,84.32.70.8:9001,-94810,-206,bittensor,None,None,None,447,223,miners,79,204,-94810,-206,1,None,3905250,0,0,5.96e-13,20260606_1135,validator_metrics,836093,1586,417401,0,5EWwdZB7qCCMaAso5Mzcks4UUcPxKYvpAj32t5Mg1v6HSxoF,1.00
2026-06-09 13:31:50.000,miners,0,174,923,204,8384,0,0,None,79,0,5EWwdZB7qCCMaAso5Mzcks4UUcPxKYvpAj32t5Mg1v6HSxoF,0,84.32.70.8:9001,2951,-193,bittensor,None,None,None,0,0,miners,79,238,2951,-193,1,None,3884574,0,0,0,20260606_1135,validator_metrics,118090,-134,26098,0,5EWwdZB7qCCMaAso5Mzcks4UUcPxKYvpAj32t5Mg1v6HSxoF,1.00
2026-06-09 13:31:50.000,miners,0,175,962,3.45,8671,0,0,None,79,0,5EWwdZB7qCCMaAso5Mzcks4UUcPxKYvpAj32t5Mg1v6HSxoF,0,84.32.70.8:9001,-1194,-187,bittensor,None,None,None,891,0,miners,79,249,-1194,-187,1,None,3800544,0,0,0,20260606_1135,validator_metrics,123138,4.29,441,0,5EWwdZB7qCCMaAso5Mzcks4UUcPxKYvpAj32t5Mg1v6HSxoF,1.00
2026-06-09 13:31:50.000,miners,0,179,6948,3470,8422,0,0,None,79,0,5EWwdZB7qCCMaAso5Mzcks4UUcPxKYvpAj32t5Mg1v6HSxoF,0,84.32.70.8:9001,-92972,-172,bittensor,None,None,None,611,305,miners,79,206,-92972,-172,1,None,3874957,0,0,5.62e-13,20260606_1135,validator_metrics,889344,1598,444157,0,5EWwdZB7qCCMaAso5Mzcks4UUcPxKYvpAj32t5Mg1v6HSxoF,1.00
2026-06-09 13:31:50.000,miners,0,180,5931,2960,8134,0,0,None,79,0,5EWwdZB7qCCMaAso5Mzcks4UUcPxKYvpAj32t5Mg1v6HSxoF,0,84.32.70.8:9001,-40119,-161,bittensor,None,None,None,285,143,miners,79,207,-40119,-161,1,None,3961239,0,0,5.59e-13,20260606_1135,validator_metrics,759180,1409,378919,0,5EWwdZB7qCCMaAso5Mzcks4UUcPxKYvpAj32t5Mg1v6HSxoF,1.00
2026-06-09 13:31:50.000,miners,0,184,31800,1683,20513,0,0,None,79,0,5EWwdZB7qCCMaAso5Mzcks4UUcPxKYvpAj32t5Mg1v6HSxoF,0,84.32.70.8:9001,-84849,-465,bittensor,None,None,None,25081,630,miners,79,227,-84849,-465,1,None,273768,0,0,1.58e-17,20260606_1135,validator_metrics,4070449,2131,215442,0,5EWwdZB7qCCMaAso5Mzcks4UUcPxKYvpAj32t5Mg1v6HSxoF,1.00
2026-06-09 13:31:50.000,miners,0,194,5716,2855,7956,0,0,None,79,0,5EWwdZB7qCCMaAso5Mzcks4UUcPxKYvpAj32t5Mg1v6HSxoF,0,84.32.70.8:9001,-38421,-170,bittensor,None,None,None,446,199,miners,79,214,-38421,-170,1,None,4014662,0,0,4.01e-13,20260606_1135,validator_metrics,731686,1426,365420,0,5EWwdZB7qCCMaAso5Mzcks4UUcPxKYvpAj32t5Mg1v6HSxoF,1.00
2026-06-09 13:31:50.000,miners,0,202,29972,1676,19793,0,0,None,79,0,5EWwdZB7qCCMaAso5Mzcks4UUcPxKYvpAj32t5Mg1v6HSxoF,0,84.32.70.8:9001,-21664,-454,bittensor,None,None,None,24646,441,miners,79,245,-21664,-454,1,None,516070,0,0,0,20260606_1135,validator_metrics,3836468,3058,214554,0,5EWwdZB7qCCMaAso5Mzcks4UUcPxKYvpAj32t5Mg1v6HSxoF,1.00
2026-06-09 13:31:50.000,miners,0,210,29410,9231,7075,1.58,12.3,None,79,0,5EWwdZB7qCCMaAso5Mzcks4UUcPxKYvpAj32t5Mg1v6HSxoF,0,84.32.70.8:9001,4066,-229,bittensor,None,None,None,6822,0,miners,79,201,4066,-229,1,None,4294051,577,0,1.3e-12,20260606_1135,validator_metrics,3764461,3578,1181567,0,5EWwdZB7qCCMaAso5Mzcks4UUcPxKYvpAj32t5Mg1v6HSxoF,1.00
2026-06-09 13:31:50.000,miners,0,213,22288,77.6,17728,0,0,None,79,0,5EWwdZB7qCCMaAso5Mzcks4UUcPxKYvpAj32t5Mg1v6HSxoF,0,84.32.70.8:9001,-40725,-404,bittensor,None,None,None,16591,0,miners,79,237,-40725,-404,1,None,1101498,0,0,0,20260606_1135,validator_metrics,2852874,-15.4,9930,0,5EWwdZB7qCCMaAso5Mzcks4UUcPxKYvpAj32t5Mg1v6HSxoF,1.00
2026-06-09 13:31:50.000,miners,0,217,24425,6260,7011,3.19,15.9,None,79,0,5EWwdZB7qCCMaAso5Mzcks4UUcPxKYvpAj32t5Mg1v6HSxoF,0,84.32.70.8:9001,2595,-167,bittensor,None,None,None,9049,0,miners,79,202,2595,-167,1,None,4310378,797,0,9.29e-13,20260606_1135,validator_metrics,3126351,2314,801227,0,5EWwdZB7qCCMaAso5Mzcks4UUcPxKYvpAj32t5Mg1v6HSxoF,1.00
2026-06-09 13:31:50.000,miners,0,219,22693,29.1,17703,0,0,None,79,0,5EWwdZB7qCCMaAso5Mzcks4UUcPxKYvpAj32t5Mg1v6HSxoF,0,84.32.70.8:9001,-39311,-407,bittensor,None,None,None,16697,0,miners,79,250,-39311,-407,1,None,1111598,0,0,0,20260606_1135,validator_metrics,2904671,-6.51,3731,0,5EWwdZB7qCCMaAso5Mzcks4UUcPxKYvpAj32t5Mg1v6HSxoF,1.00
2026-06-09 13:31:50.000,miners,0,220,6716,1216,7309,633,1328,None,79,0,5EWwdZB7qCCMaAso5Mzcks4UUcPxKYvpAj32t5Mg1v6HSxoF,0,84.32.70.8:9001,-96887,-147,bittensor,None,None,None,5574,1027,miners,79,217,-96887,-147,1,None,4414178,0,0,1.98e-13,20260606_1135,validator_metrics,859600,1036,155681,0,5EWwdZB7qCCMaAso5Mzcks4UUcPxKYvpAj32t5Mg1v6HSxoF,1.00
2026-06-09 13:31:50.000,miners,0,223,23801,2044,76.5,0,0,None,79,0,5EWwdZB7qCCMaAso5Mzcks4UUcPxKYvpAj32t5Mg1v6HSxoF,0,84.32.70.8:9001,285,-1.40,bittensor,None,None,None,5828,212,miners,79,251,285,-1.40,1,None,6345968,0,0,0,20260606_1135,validator_metrics,3046483,-265,261691,0,5EWwdZB7qCCMaAso5Mzcks4UUcPxKYvpAj32t5Mg1v6HSxoF,1.00
2026-06-09 13:31:50.000,miners,0,225,2072,1036,8268,0,0,None,79,0,5EWwdZB7qCCMaAso5Mzcks4UUcPxKYvpAj32t5Mg1v6HSxoF,0,84.32.70.8:9001,-20871,-198,bittensor,None,None,None,1785,892,miners,79,219,-20871,-198,1,None,3920042,0,0,8.2e-14,20260606_1135,validator_metrics,265219,338,132578,0,5EWwdZB7qCCMaAso5Mzcks4UUcPxKYvpAj32t5Mg1v6HSxoF,1.00
2026-06-09 13:31:50.000,miners,0,230,20722,0,17159,0,0,None,79,0,5EWwdZB7qCCMaAso5Mzcks4UUcPxKYvpAj32t5Mg1v6HSxoF,0,84.32.70.8:9001,-13143,-378,bittensor,None,None,None,12405,0,miners,79,253,-13143,-378,1,None,1282403,0,0,0,20260606_1135,validator_metrics,2652388,0,0,0,5EWwdZB7qCCMaAso5Mzcks4UUcPxKYvpAj32t5Mg1v6HSxoF,1.00
2026-06-09 13:31:50.000,miners,0,236,8430,188,11931,0,0,None,79,0,5EWwdZB7qCCMaAso5Mzcks4UUcPxKYvpAj32t5Mg1v6HSxoF,0,84.32.70.8:9001,1334,-301,bittensor,None,None,None,8029,73.2,miners,79,223,1334,-301,1,None,2837633,0,0,6.68e-15,20260606_1135,validator_metrics,1079097,290,24006,0,5EWwdZB7qCCMaAso5Mzcks4UUcPxKYvpAj32t5Mg1v6HSxoF,1.00
2026-06-09 13:31:50.000,miners,0,237,6343,3167,8406,0,0,None,79,0,5EWwdZB7qCCMaAso5Mzcks4UUcPxKYvpAj32t5Mg1v6HSxoF,0,84.32.70.8:9001,-42828,-173,bittensor,None,None,None,437,218,miners,79,205,-42828,-173,1,None,3879760,0,0,5.9e-13,20260606_1135,validator_metrics,811918,1534,405377,0,5EWwdZB7qCCMaAso5Mzcks4UUcPxKYvpAj32t5Mg1v6HSxoF,1.00
2026-06-09 13:31:50.000,miners,0,239,21193,0,17670,0,0,None,79,0,5EWwdZB7qCCMaAso5Mzcks4UUcPxKYvpAj32t5Mg1v6HSxoF,0,84.32.70.8:9001,-13623,-412,bittensor,None,None,None,15396,0,miners,79,234,-13623,-412,1,None,1127834,0,0,0,20260606_1135,validator_metrics,2712758,0,0,0,5EWwdZB7qCCMaAso5Mzcks4UUcPxKYvpAj32t5Mg1v6HSxoF,1.00
2026-06-09 13:31:50.000,miners,0,242,22743,0,17772,0,0,None,79,0,5EWwdZB7qCCMaAso5Mzcks4UUcPxKYvpAj32t5Mg1v6HSxoF,0,84.32.70.8:9001,-40570,-403,bittensor,None,None,None,16782,0,miners,79,230,-40570,-403,1,None,1091329,0,0,0,20260606_1135,validator_metrics,2911045,0,0,0,5EWwdZB7qCCMaAso5Mzcks4UUcPxKYvpAj32t5Mg1v6HSxoF,1.00
2026-06-09 13:31:50.000,miners,0,246,8131,192,11759,0,0,None,79,0,5EWwdZB7qCCMaAso5Mzcks4UUcPxKYvpAj32t5Mg1v6HSxoF,0,84.32.70.8:9001,730,-261,bittensor,None,None,None,7747,73.1,miners,79,224,730,-261,1,None,2888717,0,0,5.6e-15,20260606_1135,validator_metrics,1040818,289,24565,0,5EWwdZB7qCCMaAso5Mzcks4UUcPxKYvpAj32t5Mg1v6HSxoF,1.00
2026-06-09 13:31:50.000,miners,0,249,30.3,0.642,8376,0,0,None,79,0,5EWwdZB7qCCMaAso5Mzcks4UUcPxKYvpAj32t5Mg1v6HSxoF,0,84.32.70.8:9001,-10497,-167,bittensor,None,None,None,0,0,miners,79,231,-10497,-167,1,None,3887283,0,0,0,20260606_1135,validator_metrics,3880,0.0380,82.1,0,5EWwdZB7qCCMaAso5Mzcks4UUcPxKYvpAj32t5Mg1v6HSxoF,1.00
2026-06-09 13:31:50.000,miners,0,251,33524,2104,20591,0,0,None,79,0,5EWwdZB7qCCMaAso5Mzcks4UUcPxKYvpAj32t5Mg1v6HSxoF,0,84.32.70.8:9001,-84684,-462,bittensor,None,None,None,25413,751,miners,79,226,-84684,-462,1,None,244245,0,0,1.74e-17,20260606_1135,validator_metrics,4291019,2921,269347,0,5EWwdZB7qCCMaAso5Mzcks4UUcPxKYvpAj32t5Mg1v6HSxoF,1.00
2026-06-09 13:31:50.000,miners,0,253,0,0,8374,0,0,0,79,0,5EWwdZB7qCCMaAso5Mzcks4UUcPxKYvpAj32t5Mg1v6HSxoF,0,84.32.70.8:9001,-33947,-206,bittensor,None,0,0,0,0,miners,79,232,12856,-206,1,0,3887825,0,0,0,20260606_1135,validator_metrics,0,0,0,0,5EWwdZB7qCCMaAso5Mzcks4UUcPxKYvpAj32t5Mg1v6HSxoF,1.00
2026-06-09 13:31:50.000,miners,0,254,2095,865,8141,0,0,None,79,0,5EWwdZB7qCCMaAso5Mzcks4UUcPxKYvpAj32t5Mg1v6HSxoF,0,84.32.70.8:9001,-57488,-211,bittensor,None,None,None,1870,450,miners,79,233,-57488,-211,1,None,3957530,0,0,0,20260606_1135,validator_metrics,268210,-261,110690,0,5EWwdZB7qCCMaAso5Mzcks4UUcPxKYvpAj32t5Mg1v6HSxoF,1.00
2026-06-09 13:31:50.000,miners,0,255,6789,3390,7996,0,0,None,79,0,5EWwdZB7qCCMaAso5Mzcks4UUcPxKYvpAj32t5Mg1v6HSxoF,0,84.32.70.8:9001,-40126,-162,bittensor,None,None,None,429,215,miners,79,210,-40126,-162,1,None,4002678,0,0,4.63e-13,20260606_1135,validator_metrics,869013,1623,433917,0,5EWwdZB7qCCMaAso5Mzcks4UUcPxKYvpAj32t5Mg1v6HSxoF,1.00
2026-06-09 13:31:50.000,miners,0,26,23191,736,17061,0,0,None,79,0,5EWwdZB7qCCMaAso5Mzcks4UUcPxKYvpAj32t5Mg1v6HSxoF,0,84.32.70.8:9001,-19517,-405,bittensor,None,None,None,22109,73.5,miners,79,236,-19517,-405,1,None,1325981,0,0,0,20260606_1135,validator_metrics,2968480,1934,94247,0,5EWwdZB7qCCMaAso5Mzcks4UUcPxKYvpAj32t5Mg1v6HSxoF,1.00
2026-06-09 13:31:50.000,miners,0,29,21828,1177,60.4,0,0,None,79,0,5EWwdZB7qCCMaAso5Mzcks4UUcPxKYvpAj32t5Mg1v6HSxoF,0,84.32.70.8:9001,-7397,-1.97,bittensor,None,None,None,6202,0,miners,79,220,-7397,-1.97,1,None,6354792,0,0,1.7e-14,20260606_1135,validator_metrics,2793955,532,150697,0,5EWwdZB7qCCMaAso5Mzcks4UUcPxKYvpAj32t5Mg1v6HSxoF,1.00
2026-06-09 13:31:50.000,miners,0,3,20685,2751,1810,0,0,None,79,0,5EWwdZB7qCCMaAso5Mzcks4UUcPxKYvpAj32t5Mg1v6HSxoF,0,84.32.70.8:9001,-93941,-49.0,bittensor,None,None,None,9231,0,miners,79,200,-93941,-49.0,1,None,5854654,0,0,2.19e-12,20260606_1135,validator_metrics,2647631,7131,352176,0,5EWwdZB7qCCMaAso5Mzcks4UUcPxKYvpAj32t5Mg1v6HSxoF,1.00
2026-06-09 13:31:50.000,miners,0,33,0,0,8236,0,0,0,79,0,5EWwdZB7qCCMaAso5Mzcks4UUcPxKYvpAj32t5Mg1v6HSxoF,0,84.32.70.8:9001,-32504,-174,bittensor,None,0,0,0,0,miners,79,244,17405,-174,1,0,3929323,0,0,0,20260606_1135,validator_metrics,0,0,0,0,5EWwdZB7qCCMaAso5Mzcks4UUcPxKYvpAj32t5Mg1v6HSxoF,1.00
2026-06-09 13:31:50.000,miners,0,35,21044,52.5,17309,0,0,None,79,0,5EWwdZB7qCCMaAso5Mzcks4UUcPxKYvpAj32t5Mg1v6HSxoF,0,84.32.70.8:9001,-38774,-407,bittensor,None,None,None,14965,0,miners,79,239,-38774,-407,1,None,1227027,0,0,0,20260606_1135,validator_metrics,2693572,-11.1,6722,0,5EWwdZB7qCCMaAso5Mzcks4UUcPxKYvpAj32t5Mg1v6HSxoF,1.00
2026-06-09 13:31:50.000,miners,0,50,0,0,7916,0,0,0,79,0,5EWwdZB7qCCMaAso5Mzcks4UUcPxKYvpAj32t5Mg1v6HSxoF,0,84.32.70.8:9001,-32195,-196,bittensor,None,0,0,0,0,miners,79,247,17034,-196,1,0,4025190,0,0,0,20260606_1135,validator_metrics,0,0,0,0,5EWwdZB7qCCMaAso5Mzcks4UUcPxKYvpAj32t5Mg1v6HSxoF,1.00
2026-06-09 13:31:50.000,miners,0,58,0,0,8113,0,0,0,79,0,5EWwdZB7qCCMaAso5Mzcks4UUcPxKYvpAj32t5Mg1v6HSxoF,0,84.32.70.8:9001,-34679,-207,bittensor,None,0,0,0,0,miners,79,246,15717,-207,1,0,3966041,0,0,0,20260606_1135,validator_metrics,0,0,0,0,5EWwdZB7qCCMaAso5Mzcks4UUcPxKYvpAj32t5Mg1v6HSxoF,1.00
2026-06-09 13:31:50.000,miners,0,6,0,0,8333,0,0,None,79,0,5EWwdZB7qCCMaAso5Mzcks4UUcPxKYvpAj32t5Mg1v6HSxoF,0,84.32.70.8:9001,-2452,-181,bittensor,None,None,None,0,0,miners,79,229,-2452,-181,1,None,3900190,0,0,0,20260606_1135,validator_metrics,0,0,0,0,5EWwdZB7qCCMaAso5Mzcks4UUcPxKYvpAj32t5Mg1v6HSxoF,1.00
2026-06-09 13:31:50.000,miners,0,70,5867,2824,8317,0,0,None,79,0,5EWwdZB7qCCMaAso5Mzcks4UUcPxKYvpAj32t5Mg1v6HSxoF,0,84.32.70.8:9001,-13374,-180,bittensor,None,None,None,2238,1044,miners,79,216,-13374,-180,1,None,3905809,0,0,3.03e-13,20260606_1135,validator_metrics,751004,1304,361484,0,5EWwdZB7qCCMaAso5Mzcks4UUcPxKYvpAj32t5Mg1v6HSxoF,1.00
2026-06-09 13:31:50.000,miners,0,71,0,0,8267,0,0,None,79,0,5EWwdZB7qCCMaAso5Mzcks4UUcPxKYvpAj32t5Mg1v6HSxoF,0,84.32.70.8:9001,-34244,-163,bittensor,None,None,None,0,0,miners,79,241,-34244,-163,1,None,3919944,0,0,0,20260606_1135,validator_metrics,0,0,0,0,5EWwdZB7qCCMaAso5Mzcks4UUcPxKYvpAj32t5Mg1v6HSxoF,1.00
2026-06-09 13:31:50.000,miners,0,79,21733,87.6,17364,0,0,None,79,0,5EWwdZB7qCCMaAso5Mzcks4UUcPxKYvpAj32t5Mg1v6HSxoF,0,84.32.70.8:9001,-37268,-401,bittensor,None,None,None,16056,0,miners,79,242,-37268,-401,1,None,1211302,0,0,0,20260606_1135,validator_metrics,2781772,-19.6,11208,0,5EWwdZB7qCCMaAso5Mzcks4UUcPxKYvpAj32t5Mg1v6HSxoF,1.00
2026-06-09 13:31:50.000,miners,0,84,7749,2989,8594,0,0,None,79,0,5EWwdZB7qCCMaAso5Mzcks4UUcPxKYvpAj32t5Mg1v6HSxoF,0,84.32.70.8:9001,-109520,-166,bittensor,None,None,None,1708,285,miners,79,243,-109520,-166,1,None,3822023,0,0,0,20260606_1135,validator_metrics,991890,-3231,382623,0,5EWwdZB7qCCMaAso5Mzcks4UUcPxKYvpAj32t5Mg1v6HSxoF,1.00
2026-06-09 13:31:50.000,miners,0,96,5340,2667,8379,0,0,None,79,0,5EWwdZB7qCCMaAso5Mzcks4UUcPxKYvpAj32t5Mg1v6HSxoF,0,84.32.70.8:9001,-42303,-183,bittensor,None,None,None,429,215,miners,79,215,-42303,-183,1,None,3887483,0,0,3.78e-13,20260606_1135,validator_metrics,683532,1353,341370,0,5EWwdZB7qCCMaAso5Mzcks4UUcPxKYvpAj32t5Mg1v6HSxoF,1.00
2026-06-09 13:31:50.000,miners,0,99,21888,3134,1673,0,0,None,79,0,5EWwdZB7qCCMaAso5Mzcks4UUcPxKYvpAj32t5Mg1v6HSxoF,0,84.32.70.8:9001,-95683,-37.9,bittensor,None,None,None,9962,0,miners,79,199,-95683,-37.9,1,None,5895494,0,0,3.42e-12,20260606_1135,validator_metrics,2801645,9225,401174,0,5EWwdZB7qCCMaAso5Mzcks4UUcPxKYvpAj32t5Mg1v6HSxoF,1.00
2026-06-09 13:31:50.000,miners,0.859,10,13370,4286,10510,0,0,0.391,79,0,5EWwdZB7qCCMaAso5Mzcks4UUcPxKYvpAj32t5Mg1v6HSxoF,0,84.32.70.8:9001,-177821,-236,bittensor,-0.00698,0.00289,0.495,2772,0,miners,79,126,-177821,-236,1,-3.07e-11,3236784,0,0,0.262,20260606_1135,validator_metrics,1711415,-2248,548662,0,5EWwdZB7qCCMaAso5Mzcks4UUcPxKYvpAj32t5Mg1v6HSxoF,1.00
2026-06-09 13:31:50.000,miners,0.859,65,12912,3756,10462,0,0,0.392,79,0,5EWwdZB7qCCMaAso5Mzcks4UUcPxKYvpAj32t5Mg1v6HSxoF,0,84.32.70.8:9001,-175030,-243,bittensor,-0.00785,0.00228,0.496,2852,0,miners,79,119,-175030,-243,1,-3.04e-11,3249145,0,0,0.287,20260606_1135,validator_metrics,1652744,-2326,480769,0,5EWwdZB7qCCMaAso5Mzcks4UUcPxKYvpAj32t5Mg1v6HSxoF,1.00
2026-06-09 13:31:50.000,miners,0.875,158,14535,4468,10504,0,0,0.392,79,0,5EWwdZB7qCCMaAso5Mzcks4UUcPxKYvpAj32t5Mg1v6HSxoF,0,84.32.70.8:9001,-175165,-236,bittensor,-0.00802,0.00211,0.496,2033,0,miners,79,117,-175165,-236,1,-4.1e-11,3237813,0,0,0.290,20260606_1135,validator_metrics,1860542,-2876,571919,0,5EWwdZB7qCCMaAso5Mzcks4UUcPxKYvpAj32t5Mg1v6HSxoF,1.00
2026-06-09 13:31:50.000,miners,0.891,191,74491,23013,18481,270,404,0.366,79,0,5EWwdZB7qCCMaAso5Mzcks4UUcPxKYvpAj32t5Mg1v6HSxoF,0,84.32.70.8:9001,-126193,-476,bittensor,0.0112,0.0385,0.464,10837,0,miners,79,133,-126193,-476,1,8.89e-10,1069170,171052,256555,0.243,20260606_1135,validator_metrics,9534849,69051,2945674,0,5EWwdZB7qCCMaAso5Mzcks4UUcPxKYvpAj32t5Mg1v6HSxoF,1.00
2026-06-09 13:31:50.000,miners,0.898,163,48746,10951,18806,144,225,0.397,79,0,5EWwdZB7qCCMaAso5Mzcks4UUcPxKYvpAj32t5Mg1v6HSxoF,0,84.32.70.8:9001,-137246,-488,bittensor,0.0127,0,0.503,3141,0,miners,79,89,-137246,-488,1,4.96e-10,928362,153307,237998,0.460,20260606_1135,validator_metrics,6239460,37500,1401673,0,5EWwdZB7qCCMaAso5Mzcks4UUcPxKYvpAj32t5Mg1v6HSxoF,1.00
2026-06-09 13:31:50.000,miners,0.906,103,81298,27598,17962,23.5,33.8,0.390,79,0,5EWwdZB7qCCMaAso5Mzcks4UUcPxKYvpAj32t5Mg1v6HSxoF,0,84.32.70.8:9001,-127051,-487,bittensor,0.0102,0.00886,0.493,8082,0,miners,79,112,-127051,-487,1,8.14e-10,1180382,171691,259425,0.295,20260606_1135,validator_metrics,10406181,63182,3532601,0,5EWwdZB7qCCMaAso5Mzcks4UUcPxKYvpAj32t5Mg1v6HSxoF,1.00
2026-06-09 13:31:50.000,miners,0.938,111,148287,73826,8050,0,0,0.399,79,0,5EWwdZB7qCCMaAso5Mzcks4UUcPxKYvpAj32t5Mg1v6HSxoF,0,84.32.70.8:9001,-31239,-189,bittensor,0.0222,0,0.504,5864,2795,miners,79,64,-31239,-189,1,4.09e-11,3986712,0,0,0.631,20260606_1135,validator_metrics,18980784,3303,9449743,0,5EWwdZB7qCCMaAso5Mzcks4UUcPxKYvpAj32t5Mg1v6HSxoF,1.00
2026-06-09 13:31:50.000,miners,0.938,195,62682,30768,7572,0,0,0.399,79,0,5EWwdZB7qCCMaAso5Mzcks4UUcPxKYvpAj32t5Mg1v6HSxoF,0,84.32.70.8:9001,-29225,-156,bittensor,0.0253,0,0.505,1128,444,miners,79,61,-29225,-156,1,5.47e-11,4131843,0,0,0.647,20260606_1135,validator_metrics,8023345,4672,3938333,0,5EWwdZB7qCCMaAso5Mzcks4UUcPxKYvpAj32t5Mg1v6HSxoF,1.00
2026-06-09 13:31:50.000,miners,0.938,28,36174,17842,8111,0,0,0.398,79,0,5EWwdZB7qCCMaAso5Mzcks4UUcPxKYvpAj32t5Mg1v6HSxoF,0,84.32.70.8:9001,-71093,-190,bittensor,0.0169,0,0.503,85.5,0,miners,79,81,-71093,-190,1,1.9e-11,3968955,0,0,0.517,20260606_1135,validator_metrics,4630230,2804,2283820,0,5EWwdZB7qCCMaAso5Mzcks4UUcPxKYvpAj32t5Mg1v6HSxoF,1.00
2026-06-09 13:31:50.000,miners,0.953,2,38563,10931,13724,0,0,0.356,79,0,5EWwdZB7qCCMaAso5Mzcks4UUcPxKYvpAj32t5Mg1v6HSxoF,0,84.32.70.8:9001,-203832,-282,bittensor,0.00310,0.0492,0.451,9223,1752,miners,79,198,-203832,-282,1,1.94e-11,2280329,0,0,0.0648,20260606_1135,validator_metrics,4936002,7140,1399180,0,5EWwdZB7qCCMaAso5Mzcks4UUcPxKYvpAj32t5Mg1v6HSxoF,1.00
2026-06-09 13:31:50.000,miners,0.992,216,30330,5105,58.0,0,0,0.396,79,0,5EWwdZB7qCCMaAso5Mzcks4UUcPxKYvpAj32t5Mg1v6HSxoF,0,84.32.70.8:9001,-18102,-1.54,bittensor,0.0455,0.00750,0.502,9668,1019,miners,79,125,-18102,-1.54,1,3.67e-10,6486045,0,0,0.263,20260606_1135,validator_metrics,3882221,33627,653438,0,5EWwdZB7qCCMaAso5Mzcks4UUcPxKYvpAj32t5Mg1v6HSxoF,1.00
2026-06-09 13:31:50.000,miners,0.992,218,16695,6074,9920,0,0,0.393,79,0,5EWwdZB7qCCMaAso5Mzcks4UUcPxKYvpAj32t5Mg1v6HSxoF,0,84.32.70.8:9001,-195215,-218,bittensor,-0.0101,0,0.498,3708,0,miners,79,197,-195215,-218,1,-2.28e-10,3400843,0,0,0.0685,20260606_1135,validator_metrics,2136985,-22961,777473,0,5EWwdZB7qCCMaAso5Mzcks4UUcPxKYvpAj32t5Mg1v6HSxoF,1.00
2026-06-09 13:31:50.000,miners,1,1,48155,24073,8037,0,0,0.420,79,0,5EWwdZB7qCCMaAso5Mzcks4UUcPxKYvpAj32t5Mg1v6HSxoF,0,84.32.70.8:9001,-57451,-186,bittensor,0.155,0,0.531,13357,6677,miners,79,22,-57451,-186,1,3.01e-11,3994753,0,0,2.01,20260606_1135,validator_metrics,6163791,2220,3081289,0,5EWwdZB7qCCMaAso5Mzcks4UUcPxKYvpAj32t5Mg1v6HSxoF,1.00
2026-06-09 13:31:50.000,miners,1,100,74896,37393,7982,0,0,0.394,79,0,5EWwdZB7qCCMaAso5Mzcks4UUcPxKYvpAj32t5Mg1v6HSxoF,0,84.32.70.8:9001,-94825,-203,bittensor,-0.00506,0,0.499,24109,12005,miners,79,107,-94825,-203,1,-1.99e-11,4003500,0,0,0.318,20260606_1135,validator_metrics,9586668,-1558,4786364,0,5EWwdZB7qCCMaAso5Mzcks4UUcPxKYvpAj32t5Mg1v6HSxoF,1.00
2026-06-09 13:31:50.000,miners,1,102,34345,17165,8255,0,0,0.440,79,0,5EWwdZB7qCCMaAso5Mzcks4UUcPxKYvpAj32t5Mg1v6HSxoF,0,84.32.70.8:9001,-73554,-177,bittensor,0.282,0,0.556,11994,5998,miners,79,3,-73554,-177,1,3.22e-11,3927761,0,0,10.8,20260606_1135,validator_metrics,4396182,2338,2197110,0,5EWwdZB7qCCMaAso5Mzcks4UUcPxKYvpAj32t5Mg1v6HSxoF,1.00
2026-06-09 13:31:50.000,miners,1,104,402318,191643,12120,0,0,0.387,79,0,5EWwdZB7qCCMaAso5Mzcks4UUcPxKYvpAj32t5Mg1v6HSxoF,0,84.32.70.8:9001,-85529,-292,bittensor,-0.0511,0,0.490,289238,136565,miners,79,169,-85529,-292,1,-9.85e-10,2729795,0,0,0.129,20260606_1135,validator_metrics,51496679,-67251,24530353,0,5EWwdZB7qCCMaAso5Mzcks4UUcPxKYvpAj32t5Mg1v6HSxoF,1.00
2026-06-09 13:31:50.000,miners,1,105,338579,145319,20758,0,0,0.399,79,0,5EWwdZB7qCCMaAso5Mzcks4UUcPxKYvpAj32t5Mg1v6HSxoF,0,84.32.70.8:9001,-86602,-470,bittensor,0.0268,0,0.505,84398,14129,miners,79,43,-86602,-470,1,1.94e-10,175506,0,0,0.960,20260606_1135,validator_metrics,43338050,13457,18600805,0,5EWwdZB7qCCMaAso5Mzcks4UUcPxKYvpAj32t5Mg1v6HSxoF,1.00
2026-06-09 13:31:50.000,miners,1,106,80917,27567,52.5,0,0,0.527,79,0,5EWwdZB7qCCMaAso5Mzcks4UUcPxKYvpAj32t5Mg1v6HSxoF,0,84.32.70.8:9001,186086,-0.984,bittensor,0.835,0,0.667,41064,9471,miners,79,1,186086,-0.984,1,6.33e-10,6570593,0,0,19.9,20260606_1135,validator_metrics,10357331,59950,3528636,0,5EWwdZB7qCCMaAso5Mzcks4UUcPxKYvpAj32t5Mg1v6HSxoF,1.00
2026-06-09 13:31:50.000,miners,1,107,385625,173971,20665,0,0,0.398,79,0,5EWwdZB7qCCMaAso5Mzcks4UUcPxKYvpAj32t5Mg1v6HSxoF,0,84.32.70.8:9001,-109220,-465,bittensor,0.0201,0,0.504,219982,88699,miners,79,51,-109220,-465,1,1.34e-10,180089,0,0,0.794,20260606_1135,validator_metrics,49359955,10499,22268244,0,5EWwdZB7qCCMaAso5Mzcks4UUcPxKYvpAj32t5Mg1v6HSxoF,1.00
2026-06-09 13:31:50.000,miners,1,108,155559,77747,8198,0,0,0.420,79,0,5EWwdZB7qCCMaAso5Mzcks4UUcPxKYvpAj32t5Mg1v6HSxoF,0,84.32.70.8:9001,-27573,-195,bittensor,0.160,0,0.532,31863,15886,miners,79,21,-27573,-195,1,3.07e-11,3946479,0,0,2.10,20260606_1135,validator_metrics,19911561,2093,9951589,0,5EWwdZB7qCCMaAso5Mzcks4UUcPxKYvpAj32t5Mg1v6HSxoF,1.00
2026-06-09 13:31:50.000,miners,1,11,183586,78017,4477,0,0,0.390,79,0,5EWwdZB7qCCMaAso5Mzcks4UUcPxKYvpAj32t5Mg1v6HSxoF,0,84.32.70.8:9001,-50088,-140,bittensor,-0.0346,0,0.493,107407,45845,miners,79,130,-50088,-140,1,-6.58e-10,5034886,0,0,0.253,20260606_1135,validator_metrics,23499036,-35594,9986133,0,5EWwdZB7qCCMaAso5Mzcks4UUcPxKYvpAj32t5Mg1v6HSxoF,1.00
2026-06-09 13:31:50.000,miners,1,110,228474,101765,4396,0,0,0.390,79,0,5EWwdZB7qCCMaAso5Mzcks4UUcPxKYvpAj32t5Mg1v6HSxoF,0,84.32.70.8:9001,-52748,-146,bittensor,-0.0343,0,0.493,146919,64682,miners,79,132,-52748,-146,1,-7.32e-10,5055510,0,0,0.246,20260606_1135,validator_metrics,29244613,-40557,13025908,0,5EWwdZB7qCCMaAso5Mzcks4UUcPxKYvpAj32t5Mg1v6HSxoF,1.00
2026-06-09 13:31:50.000,miners,1,112,187900,78895,20720,0,0,0.399,79,0,5EWwdZB7qCCMaAso5Mzcks4UUcPxKYvpAj32t5Mg1v6HSxoF,0,84.32.70.8:9001,-172440,-479,bittensor,0.0264,0,0.505,36984,1519,miners,79,45,-172440,-479,1,2e-10,149221,0,0,0.883,20260606_1135,validator_metrics,24051167,13718,10098603,0,5EWwdZB7qCCMaAso5Mzcks4UUcPxKYvpAj32t5Mg1v6HSxoF,1.00
2026-06-09 13:31:50.000,miners,1,114,138476,69204,7947,0,0,0.421,79,0,5EWwdZB7qCCMaAso5Mzcks4UUcPxKYvpAj32t5Mg1v6HSxoF,0,84.32.70.8:9001,-29444,-185,bittensor,0.166,0,0.533,41572,20781,miners,79,14,-29444,-185,1,3.05e-11,4021422,0,0,2.80,20260606_1135,validator_metrics,17724909,2232,8858117,0,5EWwdZB7qCCMaAso5Mzcks4UUcPxKYvpAj32t5Mg1v6HSxoF,1.00
2026-06-09 13:31:50.000,miners,1,116,179256,72480,4617,0,0,0.387,79,0,5EWwdZB7qCCMaAso5Mzcks4UUcPxKYvpAj32t5Mg1v6HSxoF,0,84.32.70.8:9001,-54102,-158,bittensor,-0.0523,0,0.490,115847,41448,miners,79,190,-54102,-158,1,-1.13e-9,4989223,0,0,0.102,20260606_1135,validator_metrics,22944827,-66388,9277466,0,5EWwdZB7qCCMaAso5Mzcks4UUcPxKYvpAj32t5Mg1v6HSxoF,1.00
2026-06-09 13:31:50.000,miners,1,118,73227,25245,17520,0,0,0.396,79,0,5EWwdZB7qCCMaAso5Mzcks4UUcPxKYvpAj32t5Mg1v6HSxoF,0,84.32.70.8:9001,-228638,-402,bittensor,0.00931,0,0.502,12975,3315,miners,79,65,-228638,-402,1,9.08e-11,1048058,0,0,0.623,20260606_1135,validator_metrics,9373006,12625,3231350,0,5EWwdZB7qCCMaAso5Mzcks4UUcPxKYvpAj32t5Mg1v6HSxoF,1.00
2026-06-09 13:31:50.000,miners,1,12,75017,34057,8020,0,0,0.387,79,0,5EWwdZB7qCCMaAso5Mzcks4UUcPxKYvpAj32t5Mg1v6HSxoF,0,84.32.70.8:9001,-181557,-225,bittensor,-0.0537,0,0.489,42594,19359,miners,79,186,-181557,-225,1,-1.19e-9,3909573,0,0,0.104,20260606_1135,validator_metrics,9602177,-77896,4359282,0,5EWwdZB7qCCMaAso5Mzcks4UUcPxKYvpAj32t5Mg1v6HSxoF,1.00
2026-06-09 13:31:50.000,miners,1,121,446293,211228,19007,0,0,0.396,79,0,5EWwdZB7qCCMaAso5Mzcks4UUcPxKYvpAj32t5Mg1v6HSxoF,0,84.32.70.8:9001,-109512,-476,bittensor,0.00781,0,0.502,261751,116958,miners,79,97,-109512,-476,1,4.68e-11,673064,0,0,0.417,20260606_1135,validator_metrics,57125548,10320,27037140,0,5EWwdZB7qCCMaAso5Mzcks4UUcPxKYvpAj32t5Mg1v6HSxoF,1.00
2026-06-09 13:31:50.000,miners,1,122,177848,72643,4860,0,0,0.387,79,0,5EWwdZB7qCCMaAso5Mzcks4UUcPxKYvpAj32t5Mg1v6HSxoF,0,84.32.70.8:9001,-59833,-151,bittensor,-0.0492,0,0.490,119804,44142,miners,79,170,-59833,-151,1,-1.13e-9,4911442,0,0,0.125,20260606_1135,validator_metrics,22764566,-71439,9298255,0,5EWwdZB7qCCMaAso5Mzcks4UUcPxKYvpAj32t5Mg1v6HSxoF,1.00
2026-06-09 13:31:50.000,miners,1,124,422405,185913,16594,0,0,0.398,79,0,5EWwdZB7qCCMaAso5Mzcks4UUcPxKYvpAj32t5Mg1v6HSxoF,0,84.32.70.8:9001,-73590,-381,bittensor,0.0212,0,0.504,213129,77094,miners,79,58,-73590,-381,1,9.91e-11,1420503,0,0,0.739,20260606_1135,validator_metrics,54067873,8002,23796898,0,5EWwdZB7qCCMaAso5Mzcks4UUcPxKYvpAj32t5Mg1v6HSxoF,1.00
2026-06-09 13:31:50.000,miners,1,125,1664,825,8311,0,0,0.394,79,0,5EWwdZB7qCCMaAso5Mzcks4UUcPxKYvpAj32t5Mg1v6HSxoF,0,84.32.70.8:9001,-125694,-184,bittensor,-0.00352,0,0.499,466,232,miners,79,104,-125694,-184,1,-7.16e-13,3906615,0,0,0.352,20260606_1135,validator_metrics,212981,-53.6,105571,0,5EWwdZB7qCCMaAso5Mzcks4UUcPxKYvpAj32t5Mg1v6HSxoF,1.00
2026-06-09 13:31:50.000,miners,1,126,308478,135536,20728,0,0,0.400,79,0,5EWwdZB7qCCMaAso5Mzcks4UUcPxKYvpAj32t5Mg1v6HSxoF,0,84.32.70.8:9001,-105418,-477,bittensor,0.0293,0,0.506,126739,43266,miners,79,42,-105418,-477,1,2.16e-10,164671,0,0,0.979,20260606_1135,validator_metrics,39485227,16561,17348563,0,5EWwdZB7qCCMaAso5Mzcks4UUcPxKYvpAj32t5Mg1v6HSxoF,1.00
2026-06-09 13:31:50.000,miners,1,127,31740,6132,15923,0,0,0.392,79,0,5EWwdZB7qCCMaAso5Mzcks4UUcPxKYvpAj32t5Mg1v6HSxoF,0,84.32.70.8:9001,-320266,-341,bittensor,-0.0196,0,0.496,5977,657,miners,79,114,-320266,-341,1,-2.26e-10,1483432,0,0,0.294,20260606_1135,validator_metrics,4062696,-17231,784943,0,5EWwdZB7qCCMaAso5Mzcks4UUcPxKYvpAj32t5Mg1v6HSxoF,1.00
2026-06-09 13:31:50.000,miners,1,128,181251,75401,20919,0,0,0.405,79,0,5EWwdZB7qCCMaAso5Mzcks4UUcPxKYvpAj32t5Mg1v6HSxoF,0,84.32.70.8:9001,-217810,-478,bittensor,0.0612,0,0.512,66670,20097,miners,79,38,-217810,-478,1,1.87e-10,39774,0,0,1.05,20260606_1135,validator_metrics,23200119,9890,9651334,0,5EWwdZB7qCCMaAso5Mzcks4UUcPxKYvpAj32t5Mg1v6HSxoF,1.00
2026-06-09 13:31:50.000,miners,1,129,82849,37045,5801,0,0,0.387,79,0,5EWwdZB7qCCMaAso5Mzcks4UUcPxKYvpAj32t5Mg1v6HSxoF,0,84.32.70.8:9001,-167959,-165,bittensor,-0.0508,0,0.490,49133,23648,miners,79,176,-167959,-165,1,-1.28e-9,4579676,0,0,0.116,20260606_1135,validator_metrics,10604705,-74997,4741812,0,5EWwdZB7qCCMaAso5Mzcks4UUcPxKYvpAj32t5Mg1v6HSxoF,1.00
2026-06-09 13:31:50.000,miners,1,13,441360,206937,18917,0,0,0.396,79,0,5EWwdZB7qCCMaAso5Mzcks4UUcPxKYvpAj32t5Mg1v6HSxoF,0,84.32.70.8:9001,-106073,-423,bittensor,0.00687,0,0.501,281260,113317,miners,79,96,-106073,-423,1,3.88e-11,702604,0,0,0.419,20260606_1135,validator_metrics,56494128,8881,26487924,0,5EWwdZB7qCCMaAso5Mzcks4UUcPxKYvpAj32t5Mg1v6HSxoF,1.00
2026-06-09 13:31:50.000,miners,1,130,103521,51675,8007,0,0,0.412,79,0,5EWwdZB7qCCMaAso5Mzcks4UUcPxKYvpAj32t5Mg1v6HSxoF,0,84.32.70.8:9001,-30584,-213,bittensor,0.109,0,0.522,23243,11586,miners,79,30,-30584,-213,1,2.54e-11,4003205,0,0,1.39,20260606_1135,validator_metrics,13250698,1709,6614345,0,5EWwdZB7qCCMaAso5Mzcks4UUcPxKYvpAj32t5Mg1v6HSxoF,1.00
2026-06-09 13:31:50.000,miners,1,131,281807,125792,4877,0,0,0.388,79,0,5EWwdZB7qCCMaAso5Mzcks4UUcPxKYvpAj32t5Mg1v6HSxoF,0,84.32.70.8:9001,-73327,-151,bittensor,-0.0468,0,0.491,200844,86269,miners,79,165,-73327,-151,1,-1.03e-9,4893801,0,0,0.144,20260606_1135,validator_metrics,36071313,-61002,16101413,0,5EWwdZB7qCCMaAso5Mzcks4UUcPxKYvpAj32t5Mg1v6HSxoF,1.00
2026-06-09 13:31:50.000,miners,1,134,136484,63669,5040,0,0,0.389,79,0,5EWwdZB7qCCMaAso5Mzcks4UUcPxKYvpAj32t5Mg1v6HSxoF,0,84.32.70.8:9001,-29728,-151,bittensor,-0.0388,0,0.492,85988,37010,miners,79,140,-29728,-151,1,-8.62e-10,4884825,0,0,0.222,20260606_1135,validator_metrics,17469951,-50428,8149626,0,5EWwdZB7qCCMaAso5Mzcks4UUcPxKYvpAj32t5Mg1v6HSxoF,1.00
2026-06-09 13:31:50.000,miners,1,135,83773,37572,5690,0,0,0.391,79,0,5EWwdZB7qCCMaAso5Mzcks4UUcPxKYvpAj32t5Mg1v6HSxoF,0,84.32.70.8:9001,-105705,-151,bittensor,-0.0269,0,0.495,53187,23712,miners,79,121,-105705,-151,1,-5.86e-10,4664719,0,0,0.282,20260606_1135,validator_metrics,10722923,-23688,4809200,0,5EWwdZB7qCCMaAso5Mzcks4UUcPxKYvpAj32t5Mg1v6HSxoF,1.00
2026-06-09 13:31:50.000,miners,1,137,4189,2093,8290,0,0,0.406,79,0,5EWwdZB7qCCMaAso5Mzcks4UUcPxKYvpAj32t5Mg1v6HSxoF,0,84.32.70.8:9001,-157801,-174,bittensor,0.0670,0,0.513,2793,1395,miners,79,56,-157801,-174,1,8.64e-12,3913598,0,0,0.761,20260606_1135,validator_metrics,536133,589,267960,0,5EWwdZB7qCCMaAso5Mzcks4UUcPxKYvpAj32t5Mg1v6HSxoF,1.00
2026-06-09 13:31:50.000,miners,1,14,155897,62416,3949,0,0,0.391,79,0,5EWwdZB7qCCMaAso5Mzcks4UUcPxKYvpAj32t5Mg1v6HSxoF,0,84.32.70.8:9001,1260,-128,bittensor,-0.0272,0,0.495,94142,39048,miners,79,123,1260,-128,1,-5.38e-10,5239128,0,0,0.271,20260606_1135,validator_metrics,19954845,-25929,7989224,0,5EWwdZB7qCCMaAso5Mzcks4UUcPxKYvpAj32t5Mg1v6HSxoF,1.00
2026-06-09 13:31:50.000,miners,1,140,489903,223877,11515,0,0,0.371,79,0,5EWwdZB7qCCMaAso5Mzcks4UUcPxKYvpAj32t5Mg1v6HSxoF,0,84.32.70.8:9001,-24681,-253,bittensor,0.0195,0.0316,0.469,369601,162572,miners,79,187,-24681,-253,1,1.62e-11,2977106,0,0,0.103,20260606_1135,validator_metrics,62707556,3045,28656279,0,5EWwdZB7qCCMaAso5Mzcks4UUcPxKYvpAj32t5Mg1v6HSxoF,1.00
2026-06-09 13:31:50.000,miners,1,141,189656,80385,20622,0,0,0.397,79,0,5EWwdZB7qCCMaAso5Mzcks4UUcPxKYvpAj32t5Mg1v6HSxoF,0,84.32.70.8:9001,-197692,-473,bittensor,0.0102,0,0.502,44182,5819,miners,79,92,-197692,-473,1,1.05e-10,139811,0,0,0.449,20260606_1135,validator_metrics,24275950,6150,10289316,0,5EWwdZB7qCCMaAso5Mzcks4UUcPxKYvpAj32t5Mg1v6HSxoF,1.00
2026-06-09 13:31:50.000,miners,1,142,401170,197300,10845,0,0,0.394,79,1.74e-37,5EWwdZB7qCCMaAso5Mzcks4UUcPxKYvpAj32t5Mg1v6HSxoF,0,84.32.70.8:9001,-66786,-258,bittensor,-0.00463,0,0.499,341295,169305,miners,79,103,-66786,-258,1,-4.37e-11,3126933,0,0,0.358,20260606_1135,validator_metrics,51349762,-2573,25254365,0,5EWwdZB7qCCMaAso5Mzcks4UUcPxKYvpAj32t5Mg1v6HSxoF,1.00
2026-06-09 13:31:50.000,miners,1,144,26253,4466,15288,0,0,0.391,79,0,5EWwdZB7qCCMaAso5Mzcks4UUcPxKYvpAj32t5Mg1v6HSxoF,0,84.32.70.8:9001,-322523,-324,bittensor,-0.0246,0,0.495,5895,217,miners,79,143,-322523,-324,1,-2.67e-10,1688758,0,0,0.209,20260606_1135,validator_metrics,3360409,-20375,571587,0,5EWwdZB7qCCMaAso5Mzcks4UUcPxKYvpAj32t5Mg1v6HSxoF,1.00
2026-06-09 13:31:50.000,miners,1,145,388909,170671,20317,0,0,0.404,79,0,5EWwdZB7qCCMaAso5Mzcks4UUcPxKYvpAj32t5Mg1v6HSxoF,0,84.32.70.8:9001,-67907,-471,bittensor,0.0573,0,0.511,158309,48392,miners,79,33,-67907,-471,1,4e-10,330742,0,0,1.17,20260606_1135,validator_metrics,49780386,32550,21845917,0,5EWwdZB7qCCMaAso5Mzcks4UUcPxKYvpAj32t5Mg1v6HSxoF,1.00
2026-06-09 13:31:50.000,miners,1,146,175781,73174,20618,0,0,0.397,79,0,5EWwdZB7qCCMaAso5Mzcks4UUcPxKYvpAj32t5Mg1v6HSxoF,0,84.32.70.8:9001,-212565,-472,bittensor,0.0145,0,0.503,44798,1579,miners,79,87,-212565,-472,1,1.4e-10,138517,0,0,0.479,20260606_1135,validator_metrics,22499968,7360,9366331,0,5EWwdZB7qCCMaAso5Mzcks4UUcPxKYvpAj32t5Mg1v6HSxoF,1.00
2026-06-09 13:31:50.000,miners,1,147,236236,104588,3632,0,0,0.389,79,0,5EWwdZB7qCCMaAso5Mzcks4UUcPxKYvpAj32t5Mg1v6HSxoF,0,84.32.70.8:9001,-51626,-116,bittensor,-0.0396,0,0.492,155306,70686,miners,79,145,-51626,-116,1,-7.96e-10,5280723,0,0,0.205,20260606_1135,validator_metrics,30238251,-46794,13387247,0,5EWwdZB7qCCMaAso5Mzcks4UUcPxKYvpAj32t5Mg1v6HSxoF,1.00
2026-06-09 13:31:50.000,miners,1,148,195510,97614,8641,0,0,0.414,79,0,5EWwdZB7qCCMaAso5Mzcks4UUcPxKYvpAj32t5Mg1v6HSxoF,0,84.32.70.8:9001,-49320,-194,bittensor,0.118,0,0.524,121510,60586,miners,79,25,-49320,-194,1,2.31e-10,3822913,0,0,1.54,20260606_1135,validator_metrics,25025257,16219,12494540,0,5EWwdZB7qCCMaAso5Mzcks4UUcPxKYvpAj32t5Mg1v6HSxoF,1.00
2026-06-09 13:31:50.000,miners,1,149,177510,88730,8093,0,0,0.431,79,0,5EWwdZB7qCCMaAso5Mzcks4UUcPxKYvpAj32t5Mg1v6HSxoF,0,84.32.70.8:9001,-64884,-212,bittensor,0.228,0,0.546,92905,46452,miners,79,4,-64884,-212,1,2.51e-10,3986634,0,0,10.8,20260606_1135,validator_metrics,22721257,17545,11357385,0,5EWwdZB7qCCMaAso5Mzcks4UUcPxKYvpAj32t5Mg1v6HSxoF,1.00
2026-06-09 13:31:50.000,miners,1,15,358888,158275,20729,0,0,0.399,79,0,5EWwdZB7qCCMaAso5Mzcks4UUcPxKYvpAj32t5Mg1v6HSxoF,0,84.32.70.8:9001,-93625,-470,bittensor,0.0245,0,0.505,149380,47492,miners,79,49,-93625,-470,1,1.45e-10,176861,0,0,0.814,20260606_1135,validator_metrics,45937711,14955,20259223,0,5EWwdZB7qCCMaAso5Mzcks4UUcPxKYvpAj32t5Mg1v6HSxoF,1.00
2026-06-09 13:31:50.000,miners,1,150,342247,171103,5704,0,0,0.387,79,0,5EWwdZB7qCCMaAso5Mzcks4UUcPxKYvpAj32t5Mg1v6HSxoF,0,84.32.70.8:9001,-89729,-152,bittensor,-0.0509,0,0.490,215236,110866,miners,79,177,-89729,-152,1,-1.1e-9,4632741,0,0,0.113,20260606_1135,validator_metrics,43807610,-74345,21901130,0,5EWwdZB7qCCMaAso5Mzcks4UUcPxKYvpAj32t5Mg1v6HSxoF,1.00
2026-06-09 13:31:50.000,miners,1,151,373160,163649,20580,0,0,0.397,79,0,5EWwdZB7qCCMaAso5Mzcks4UUcPxKYvpAj32t5Mg1v6HSxoF,0,84.32.70.8:9001,-148617,-471,bittensor,0.0153,0,0.503,172548,57133,miners,79,73,-148617,-471,1,1.12e-10,165696,0,0,0.571,20260606_1135,validator_metrics,47764539,3424,20947017,0,5EWwdZB7qCCMaAso5Mzcks4UUcPxKYvpAj32t5Mg1v6HSxoF,1.00
2026-06-09 13:31:50.000,miners,1,152,184629,75394,3636,0,0,0.387,79,0,5EWwdZB7qCCMaAso5Mzcks4UUcPxKYvpAj32t5Mg1v6HSxoF,0,84.32.70.8:9001,-53548,-136,bittensor,-0.0498,0,0.490,120628,49713,miners,79,173,-53548,-136,1,-1.21e-9,5277618,0,0,0.122,20260606_1135,validator_metrics,23632469,-69382,9650421,0,5EWwdZB7qCCMaAso5Mzcks4UUcPxKYvpAj32t5Mg1v6HSxoF,1.00
2026-06-09 13:31:50.000,miners,1,153,187711,93810,8345,0,0,0.412,79,0,5EWwdZB7qCCMaAso5Mzcks4UUcPxKYvpAj32t5Mg1v6HSxoF,0,84.32.70.8:9001,-24642,-183,bittensor,0.106,0,0.521,93388,46682,miners,79,31,-24642,-183,1,8.91e-11,3906070,0,0,1.34,20260606_1135,validator_metrics,24027000,7763,12007724,0,5EWwdZB7qCCMaAso5Mzcks4UUcPxKYvpAj32t5Mg1v6HSxoF,1.00
2026-06-09 13:31:50.000,miners,1,154,97699,46013,10645,0,0,0.394,79,0,5EWwdZB7qCCMaAso5Mzcks4UUcPxKYvpAj32t5Mg1v6HSxoF,0,84.32.70.8:9001,-107809,-242,bittensor,-0.00566,0,0.499,23644,11307,miners,79,105,-107809,-242,1,-1.04e-10,3188212,0,0,0.331,20260606_1135,validator_metrics,12505507,-7886,5889611,0,5EWwdZB7qCCMaAso5Mzcks4UUcPxKYvpAj32t5Mg1v6HSxoF,1.00
2026-06-09 13:31:50.000,miners,1,155,481713,225002,12072,0,0,0.399,79,0,5EWwdZB7qCCMaAso5Mzcks4UUcPxKYvpAj32t5Mg1v6HSxoF,0,84.32.70.8:9001,-37285,-283,bittensor,0.0225,0,0.504,322964,139503,miners,79,57,-37285,-283,1,9.83e-11,2802084,0,0,0.739,20260606_1135,validator_metrics,61659257,2929,28800280,0,5EWwdZB7qCCMaAso5Mzcks4UUcPxKYvpAj32t5Mg1v6HSxoF,1.00
2026-06-09 13:31:50.000,miners,1,156,143417,63773,4955,0,0,0.389,79,0,5EWwdZB7qCCMaAso5Mzcks4UUcPxKYvpAj32t5Mg1v6HSxoF,0,84.32.70.8:9001,-30581,-150,bittensor,-0.0387,0,0.492,88073,38972,miners,79,141,-30581,-150,1,-8.62e-10,4910697,0,0,0.218,20260606_1135,validator_metrics,18357349,-51170,8162991,0,5EWwdZB7qCCMaAso5Mzcks4UUcPxKYvpAj32t5Mg1v6HSxoF,1.00
2026-06-09 13:31:50.000,miners,1,157,88116,38600,4208,0,0,0.388,79,0,5EWwdZB7qCCMaAso5Mzcks4UUcPxKYvpAj32t5Mg1v6HSxoF,0,84.32.70.8:9001,-157992,-107,bittensor,-0.0436,0,0.491,48392,22602,miners,79,148,-157992,-107,1,-1.04e-9,5070708,0,0,0.184,20260606_1135,validator_metrics,11278872,-61286,4940740,0,5EWwdZB7qCCMaAso5Mzcks4UUcPxKYvpAj32t5Mg1v6HSxoF,1.00
2026-06-09 13:31:50.000,miners,1,159,241909,108112,2606,0,0,0.404,79,0,5EWwdZB7qCCMaAso5Mzcks4UUcPxKYvpAj32t5Mg1v6HSxoF,0,84.32.70.8:9001,5690,-60.9,bittensor,0.0556,0,0.511,161706,69575,miners,79,41,5690,-60.9,1,1.41e-9,5635019,0,0,0.985,20260606_1135,validator_metrics,30964297,93999,13838380,0,5EWwdZB7qCCMaAso5Mzcks4UUcPxKYvpAj32t5Mg1v6HSxoF,1.00
2026-06-09 13:31:50.000,miners,1,16,453423,210808,18487,0,0,0.397,79,0,5EWwdZB7qCCMaAso5Mzcks4UUcPxKYvpAj32t5Mg1v6HSxoF,0,84.32.70.8:9001,-80541,-478,bittensor,0.0142,0,0.503,242415,108932,miners,79,78,-80541,-478,1,8.07e-11,854288,0,0,0.532,20260606_1135,validator_metrics,58038203,15900,26983376,0,5EWwdZB7qCCMaAso5Mzcks4UUcPxKYvpAj32t5Mg1v6HSxoF,1.00
2026-06-09 13:31:50.000,miners,1,160,182390,91169,8488,0,0,0.458,79,0,5EWwdZB7qCCMaAso5Mzcks4UUcPxKYvpAj32t5Mg1v6HSxoF,0,84.32.70.8:9001,-24241,-206,bittensor,0.401,0,0.580,66071,32993,miners,79,2,-24241,-206,1,1.33e-10,3865246,0,0,16.9,20260606_1135,validator_metrics,23345962,10170,11669594,0,5EWwdZB7qCCMaAso5Mzcks4UUcPxKYvpAj32t5Mg1v6HSxoF,1.00
2026-06-09 13:31:50.000,miners,1,161,441087,202831,19431,0,0,0.396,79,0,5EWwdZB7qCCMaAso5Mzcks4UUcPxKYvpAj32t5Mg1v6HSxoF,0,84.32.70.8:9001,-86471,-437,bittensor,0.00933,0,0.502,206942,90761,miners,79,94,-86471,-437,1,6.34e-11,568957,0,0,0.430,20260606_1135,validator_metrics,56459080,9674,25962398,0,5EWwdZB7qCCMaAso5Mzcks4UUcPxKYvpAj32t5Mg1v6HSxoF,1.00
2026-06-09 13:31:50.000,miners,1,162,332972,139448,20699,0,0,0.397,79,0,5EWwdZB7qCCMaAso5Mzcks4UUcPxKYvpAj32t5Mg1v6HSxoF,0,84.32.70.8:9001,-100208,-469,bittensor,0.0150,0,0.503,157167,45669,miners,79,72,-100208,-469,1,1.21e-10,178999,0,0,0.581,20260606_1135,validator_metrics,42620468,9211,17849344,0,5EWwdZB7qCCMaAso5Mzcks4UUcPxKYvpAj32t5Mg1v6HSxoF,1.00
2026-06-09 13:31:50.000,miners,1,165,485334,227430,10755,0,0,0.398,79,0,5EWwdZB7qCCMaAso5Mzcks4UUcPxKYvpAj32t5Mg1v6HSxoF,0,84.32.70.8:9001,-18370,-277,bittensor,0.0189,0,0.504,347192,149377,miners,79,55,-18370,-277,1,6.39e-11,3212831,0,0,0.768,20260606_1135,validator_metrics,62122709,3235,29111020,0,5EWwdZB7qCCMaAso5Mzcks4UUcPxKYvpAj32t5Mg1v6HSxoF,1.00
2026-06-09 13:31:50.000,miners,1,166,290501,129680,4996,0,0,0.388,79,0,5EWwdZB7qCCMaAso5Mzcks4UUcPxKYvpAj32t5Mg1v6HSxoF,0,84.32.70.8:9001,-70130,-150,bittensor,-0.0456,0,0.491,203604,90393,miners,79,159,-70130,-150,1,-9.83e-10,4861336,0,0,0.159,20260606_1135,validator_metrics,37184158,-63000,16599043,0,5EWwdZB7qCCMaAso5Mzcks4UUcPxKYvpAj32t5Mg1v6HSxoF,1.00
2026-06-09 13:31:50.000,miners,1,167,140525,64735,4135,0,0,0.389,79,0,5EWwdZB7qCCMaAso5Mzcks4UUcPxKYvpAj32t5Mg1v6HSxoF,0,84.32.70.8:9001,-21017,-138,bittensor,-0.0378,0,0.492,90313,40070,miners,79,137,-21017,-138,1,-7.43e-10,5162466,0,0,0.232,20260606_1135,validator_metrics,17987169,-44779,8286091,0,5EWwdZB7qCCMaAso5Mzcks4UUcPxKYvpAj32t5Mg1v6HSxoF,1.00
2026-06-09 13:31:50.000,miners,1,168,62298,23422,2058,0,0,0.382,79,0,5EWwdZB7qCCMaAso5Mzcks4UUcPxKYvpAj32t5Mg1v6HSxoF,0,84.32.70.8:9001,-271695,-56.5,bittensor,-0.0801,0,0.484,32070,6671,miners,79,195,-271695,-56.5,1,-1.4e-9,5665881,0,0,0.0724,20260606_1135,validator_metrics,7974175,-100172,2998015,0,5EWwdZB7qCCMaAso5Mzcks4UUcPxKYvpAj32t5Mg1v6HSxoF,1.00
2026-06-09 13:31:50.000,miners,1,17,285611,129167,8079,0,0,0.387,79,0,5EWwdZB7qCCMaAso5Mzcks4UUcPxKYvpAj32t5Mg1v6HSxoF,0,84.32.70.8:9001,-162656,-205,bittensor,-0.0535,0,0.489,204135,88992,miners,79,182,-162656,-205,1,-1.35e-9,3857364,0,0,0.109,20260606_1135,validator_metrics,36558180,-88812,16533421,0,5EWwdZB7qCCMaAso5Mzcks4UUcPxKYvpAj32t5Mg1v6HSxoF,1.00
2026-06-09 13:31:50.000,miners,1,171,44942,22464,8320,0,0,0.419,79,0,5EWwdZB7qCCMaAso5Mzcks4UUcPxKYvpAj32t5Mg1v6HSxoF,0,84.32.70.8:9001,-57605,-172,bittensor,0.154,0,0.531,12047,5985,miners,79,15,-57605,-172,1,2.89e-11,3909192,0,0,2.79,20260606_1135,validator_metrics,5752529,1919,2875432,0,5EWwdZB7qCCMaAso5Mzcks4UUcPxKYvpAj32t5Mg1v6HSxoF,1.00
2026-06-09 13:31:50.000,miners,1,172,123455,56591,4795,0,0,0.386,79,0,5EWwdZB7qCCMaAso5Mzcks4UUcPxKYvpAj32t5Mg1v6HSxoF,0,84.32.70.8:9001,-117021,-147,bittensor,-0.0596,0,0.488,75807,33148,miners,79,194,-117021,-147,1,-1.36e-9,4901792,0,0,0.0869,20260606_1135,validator_metrics,15802251,-87260,7243624,0,5EWwdZB7qCCMaAso5Mzcks4UUcPxKYvpAj32t5Mg1v6HSxoF,1.00
2026-06-09 13:31:50.000,miners,1,176,87893,38191,3791,0,0,0.391,79,0,5EWwdZB7qCCMaAso5Mzcks4UUcPxKYvpAj32t5Mg1v6HSxoF,0,84.32.70.8:9001,-92968,-109,bittensor,-0.0230,0,0.495,54032,24969,miners,79,116,-92968,-109,1,-4.71e-10,5240006,0,0,0.291,20260606_1135,validator_metrics,11250295,-16547,4888453,0,5EWwdZB7qCCMaAso5Mzcks4UUcPxKYvpAj32t5Mg1v6HSxoF,1.00
2026-06-09 13:31:50.000,miners,1,177,114505,48534,2939,0,0,0.397,79,0,5EWwdZB7qCCMaAso5Mzcks4UUcPxKYvpAj32t5Mg1v6HSxoF,0,84.32.70.8:9001,38862,-78.1,bittensor,0.0119,0,0.502,72596,25059,miners,79,93,38862,-78.1,1,1.51e-10,5575249,0,0,0.433,20260606_1135,validator_metrics,14656611,7003,6212288,0,5EWwdZB7qCCMaAso5Mzcks4UUcPxKYvpAj32t5Mg1v6HSxoF,1.00
2026-06-09 13:31:50.000,miners,1,178,241778,107087,3678,0,0,0.388,79,0,5EWwdZB7qCCMaAso5Mzcks4UUcPxKYvpAj32t5Mg1v6HSxoF,0,84.32.70.8:9001,-55404,-116,bittensor,-0.0436,0,0.491,158600,72345,miners,79,149,-55404,-116,1,-8.41e-10,5263578,0,0,0.182,20260606_1135,validator_metrics,30947613,-48361,13707082,0,5EWwdZB7qCCMaAso5Mzcks4UUcPxKYvpAj32t5Mg1v6HSxoF,1.00
2026-06-09 13:31:50.000,miners,1,18,77790,35227,7524,0,0,0.387,79,0,5EWwdZB7qCCMaAso5Mzcks4UUcPxKYvpAj32t5Mg1v6HSxoF,0,84.32.70.8:9001,-175806,-205,bittensor,-0.0517,0,0.490,43920,18629,miners,79,180,-175806,-205,1,-1.27e-9,4058014,0,0,0.110,20260606_1135,validator_metrics,9957091,-75043,4509038,0,5EWwdZB7qCCMaAso5Mzcks4UUcPxKYvpAj32t5Mg1v6HSxoF,1.00
2026-06-09 13:31:50.000,miners,1,181,198241,84180,3876,0,0,0.388,79,0,5EWwdZB7qCCMaAso5Mzcks4UUcPxKYvpAj32t5Mg1v6HSxoF,0,84.32.70.8:9001,-60895,-119,bittensor,-0.0463,0,0.491,127002,49695,miners,79,157,-60895,-119,1,-9.12e-10,5199705,0,0,0.163,20260606_1135,validator_metrics,25374843,-54916,10775005,0,5EWwdZB7qCCMaAso5Mzcks4UUcPxKYvpAj32t5Mg1v6HSxoF,1.00
2026-06-09 13:31:50.000,miners,1,182,54696,21793,3631,0,0,0.399,79,0,5EWwdZB7qCCMaAso5Mzcks4UUcPxKYvpAj32t5Mg1v6HSxoF,0,84.32.70.8:9001,-29480,-82.7,bittensor,0.0264,0,0.505,19204,7727,miners,79,79,-29480,-82.7,1,2.63e-10,5382710,0,0,0.529,20260606_1135,validator_metrics,7001140,20259,2789548,0,5EWwdZB7qCCMaAso5Mzcks4UUcPxKYvpAj32t5Mg1v6HSxoF,1.00
2026-06-09 13:31:50.000,miners,1,183,142763,71357,8157,0,0,0.424,79,0,5EWwdZB7qCCMaAso5Mzcks4UUcPxKYvpAj32t5Mg1v6HSxoF,0,84.32.70.8:9001,-29261,-191,bittensor,0.185,0,0.537,28418,14208,miners,79,9,-29261,-191,1,3.02e-11,3958718,0,0,3.95,20260606_1135,validator_metrics,18273724,2088,9133746,0,5EWwdZB7qCCMaAso5Mzcks4UUcPxKYvpAj32t5Mg1v6HSxoF,1.00
2026-06-09 13:31:50.000,miners,1,185,33081,6716,15892,0,0,0.392,79,0,5EWwdZB7qCCMaAso5Mzcks4UUcPxKYvpAj32t5Mg1v6HSxoF,0,84.32.70.8:9001,-319736,-353,bittensor,-0.0210,0,0.496,6051,585,miners,79,120,-319736,-353,1,-2.54e-10,1493814,0,0,0.286,20260606_1135,validator_metrics,4234426,-18311,859664,0,5EWwdZB7qCCMaAso5Mzcks4UUcPxKYvpAj32t5Mg1v6HSxoF,1.00
2026-06-09 13:31:50.000,miners,1,186,364738,162918,20662,0,0,0.398,79,0,5EWwdZB7qCCMaAso5Mzcks4UUcPxKYvpAj32t5Mg1v6HSxoF,0,84.32.70.8:9001,-136499,-471,bittensor,0.0212,0,0.504,179319,73661,miners,79,53,-136499,-471,1,1.77e-10,153143,0,0,0.780,20260606_1135,validator_metrics,46686489,7916,20853448,0,5EWwdZB7qCCMaAso5Mzcks4UUcPxKYvpAj32t5Mg1v6HSxoF,1.00
2026-06-09 13:31:50.000,miners,1,187,220522,109920,8296,0,0,0.395,79,0,5EWwdZB7qCCMaAso5Mzcks4UUcPxKYvpAj32t5Mg1v6HSxoF,0,84.32.70.8:9001,-59768,-167,bittensor,-0.00225,0,0.500,98635,49210,miners,79,100,-59768,-167,1,-9.13e-12,3919268,0,0,0.374,20260606_1135,validator_metrics,28226878,-757,14069736,0,5EWwdZB7qCCMaAso5Mzcks4UUcPxKYvpAj32t5Mg1v6HSxoF,1.00
2026-06-09 13:31:50.000,miners,1,188,71048,27943,9124,3.98,12.5,0.394,79,0,5EWwdZB7qCCMaAso5Mzcks4UUcPxKYvpAj32t5Mg1v6HSxoF,0,84.32.70.8:9001,-180736,-201,bittensor,-0.00400,0,0.499,45766,14377,miners,79,111,-180736,-201,1,-4.61e-11,3679113,1643,6067,0.295,20260606_1135,validator_metrics,9094141,-10882,3576739,0,5EWwdZB7qCCMaAso5Mzcks4UUcPxKYvpAj32t5Mg1v6HSxoF,1.00
2026-06-09 13:31:50.000,miners,1,189,147687,67810,3110,0,0,0.391,79,0,5EWwdZB7qCCMaAso5Mzcks4UUcPxKYvpAj32t5Mg1v6HSxoF,0,84.32.70.8:9001,-52925,-88.7,bittensor,-0.0263,0,0.495,96970,43283,miners,79,122,-52925,-88.7,1,-5.66e-10,5461612,0,0,0.276,20260606_1135,validator_metrics,18903995,-32488,8679690,0,5EWwdZB7qCCMaAso5Mzcks4UUcPxKYvpAj32t5Mg1v6HSxoF,1.00
2026-06-09 13:31:50.000,miners,1,19,320422,150904,6805,0,0,0.388,79,0,5EWwdZB7qCCMaAso5Mzcks4UUcPxKYvpAj32t5Mg1v6HSxoF,0,84.32.70.8:9001,-91890,-177,bittensor,-0.0464,0,0.491,208483,96103,miners,79,154,-91890,-177,1,-1.04e-9,4306152,0,0,0.166,20260606_1135,validator_metrics,41014080,-66605,19315697,0,5EWwdZB7qCCMaAso5Mzcks4UUcPxKYvpAj32t5Mg1v6HSxoF,1.00
2026-06-09 13:31:50.000,miners,1,190,77570,24427,20632,0,0,0.398,79,0,5EWwdZB7qCCMaAso5Mzcks4UUcPxKYvpAj32t5Mg1v6HSxoF,0,84.32.70.8:9001,-253178,-465,bittensor,0.0181,0,0.504,30274,2679,miners,79,62,-253178,-465,1,1.42e-10,155807,0,0,0.646,20260606_1135,validator_metrics,9928941,27707,3126603,0,5EWwdZB7qCCMaAso5Mzcks4UUcPxKYvpAj32t5Mg1v6HSxoF,1.00
2026-06-09 13:31:50.000,miners,1,192,455356,211800,18114,0,0,0.397,79,0,5EWwdZB7qCCMaAso5Mzcks4UUcPxKYvpAj32t5Mg1v6HSxoF,0,84.32.70.8:9001,-70493,-405,bittensor,0.0117,0,0.502,227766,97315,miners,79,88,-70493,-405,1,6.21e-11,975821,0,0,0.462,20260606_1135,validator_metrics,58285628,10687,27110383,0,5EWwdZB7qCCMaAso5Mzcks4UUcPxKYvpAj32t5Mg1v6HSxoF,1.00
2026-06-09 13:31:50.000,miners,1,193,453546,210748,18096,0,0,0.398,79,0,5EWwdZB7qCCMaAso5Mzcks4UUcPxKYvpAj32t5Mg1v6HSxoF,0,84.32.70.8:9001,-57508,-490,bittensor,0.0172,0,0.503,241666,107662,miners,79,75,-57508,-490,1,8.85e-11,990096,0,0,0.569,20260606_1135,validator_metrics,58053869,13823,26975723,0,5EWwdZB7qCCMaAso5Mzcks4UUcPxKYvpAj32t5Mg1v6HSxoF,1.00
2026-06-09 13:31:50.000,miners,1,196,111415,49927,3320,0,0,0.391,79,0,5EWwdZB7qCCMaAso5Mzcks4UUcPxKYvpAj32t5Mg1v6HSxoF,0,84.32.70.8:9001,-68816,-102,bittensor,-0.0245,0,0.495,76206,33148,miners,79,118,-68816,-102,1,-4.99e-10,5394833,0,0,0.288,20260606_1135,validator_metrics,14261138,-23821,6390654,0,5EWwdZB7qCCMaAso5Mzcks4UUcPxKYvpAj32t5Mg1v6HSxoF,1.00
2026-06-09 13:31:50.000,miners,1,197,379043,163001,20042,0,0,0.408,79,0,5EWwdZB7qCCMaAso5Mzcks4UUcPxKYvpAj32t5Mg1v6HSxoF,0,84.32.70.8:9001,-56049,-439,bittensor,0.0801,0,0.516,188000,66160,miners,79,24,-56049,-439,1,4.44e-10,421393,0,0,1.68,20260606_1135,validator_metrics,48517550,34695,20864095,0,5EWwdZB7qCCMaAso5Mzcks4UUcPxKYvpAj32t5Mg1v6HSxoF,1.00
2026-06-09 13:31:50.000,miners,1,198,351755,148935,20722,0,0,0.399,79,0,5EWwdZB7qCCMaAso5Mzcks4UUcPxKYvpAj32t5Mg1v6HSxoF,0,84.32.70.8:9001,-116027,-474,bittensor,0.0275,0,0.505,162615,50677,miners,79,44,-116027,-474,1,2.13e-10,155794,0,0,0.920,20260606_1135,validator_metrics,45024666,11159,19063643,0,5EWwdZB7qCCMaAso5Mzcks4UUcPxKYvpAj32t5Mg1v6HSxoF,1.00
2026-06-09 13:31:50.000,miners,1,199,450104,207803,19128,0,0,0.398,79,0,5EWwdZB7qCCMaAso5Mzcks4UUcPxKYvpAj32t5Mg1v6HSxoF,0,84.32.70.8:9001,-88553,-474,bittensor,0.0176,0,0.504,231436,97629,miners,79,68,-88553,-474,1,1.07e-10,656288,0,0,0.595,20260606_1135,validator_metrics,57613255,12303,26598747,0,5EWwdZB7qCCMaAso5Mzcks4UUcPxKYvpAj32t5Mg1v6HSxoF,1.00
2026-06-09 13:31:50.000,miners,1,20,101032,34981,20916,0,0,0.401,79,0,5EWwdZB7qCCMaAso5Mzcks4UUcPxKYvpAj32t5Mg1v6HSxoF,0,84.32.70.8:9001,-242273,-479,bittensor,0.0402,0,0.508,26830,154,miners,79,40,-242273,-479,1,1.66e-10,52480,0,0,1.01,20260606_1135,validator_metrics,12932050,9341,4477509,0,5EWwdZB7qCCMaAso5Mzcks4UUcPxKYvpAj32t5Mg1v6HSxoF,1.00
2026-06-09 13:31:50.000,miners,1,200,426225,201975,19379,0,0,0.397,79,0,5EWwdZB7qCCMaAso5Mzcks4UUcPxKYvpAj32t5Mg1v6HSxoF,0,84.32.70.8:9001,-124503,-480,bittensor,0.0147,0,0.503,258057,112503,miners,79,80,-124503,-480,1,1.08e-10,546475,0,0,0.528,20260606_1135,validator_metrics,54556863,9083,25852749,0,5EWwdZB7qCCMaAso5Mzcks4UUcPxKYvpAj32t5Mg1v6HSxoF,1.00
2026-06-09 13:31:50.000,miners,1,201,20904,10181,8178,0,0,0.409,79,0,5EWwdZB7qCCMaAso5Mzcks4UUcPxKYvpAj32t5Mg1v6HSxoF,0,84.32.70.8:9001,-179384,-182,bittensor,0.0901,0,0.518,10823,5279,miners,79,34,-179384,-182,1,6.33e-11,3949855,0,0,1.17,20260606_1135,validator_metrics,2675751,4595,1303186,0,5EWwdZB7qCCMaAso5Mzcks4UUcPxKYvpAj32t5Mg1v6HSxoF,1.00
2026-06-09 13:31:50.000,miners,1,203,44057,22024,8312,0,0,0.420,79,0,5EWwdZB7qCCMaAso5Mzcks4UUcPxKYvpAj32t5Mg1v6HSxoF,0,84.32.70.8:9001,-64165,-180,bittensor,0.157,0,0.531,12193,6096,miners,79,16,-64165,-180,1,3.08e-11,3912176,0,0,2.54,20260606_1135,validator_metrics,5639329,2242,2819022,0,5EWwdZB7qCCMaAso5Mzcks4UUcPxKYvpAj32t5Mg1v6HSxoF,1.00
2026-06-09 13:31:50.000,miners,1,204,261681,116938,5666,0,0,0.387,79,0,5EWwdZB7qCCMaAso5Mzcks4UUcPxKYvpAj32t5Mg1v6HSxoF,0,84.32.70.8:9001,-91185,-161,bittensor,-0.0529,0,0.489,185727,84369,miners,79,189,-91185,-161,1,-1.21e-9,4642452,0,0,0.102,20260606_1135,validator_metrics,33495185,-80231,14968079,0,5EWwdZB7qCCMaAso5Mzcks4UUcPxKYvpAj32t5Mg1v6HSxoF,1.00
2026-06-09 13:31:50.000,miners,1,205,298641,132776,4163,0,0,0.388,79,0,5EWwdZB7qCCMaAso5Mzcks4UUcPxKYvpAj32t5Mg1v6HSxoF,0,84.32.70.8:9001,-65994,-142,bittensor,-0.0464,0,0.491,218141,95113,miners,79,162,-65994,-142,1,-1.03e-9,5110398,0,0,0.147,20260606_1135,validator_metrics,38226003,-62408,16995373,0,5EWwdZB7qCCMaAso5Mzcks4UUcPxKYvpAj32t5Mg1v6HSxoF,1.00
2026-06-09 13:31:50.000,miners,1,206,257543,114110,3686,0,0,0.388,79,0,5EWwdZB7qCCMaAso5Mzcks4UUcPxKYvpAj32t5Mg1v6HSxoF,0,84.32.70.8:9001,-66673,-112,bittensor,-0.0469,0,0.491,195143,87453,miners,79,166,-66673,-112,1,-1.13e-9,5249319,0,0,0.141,20260606_1135,validator_metrics,32965475,-73615,14606137,0,5EWwdZB7qCCMaAso5Mzcks4UUcPxKYvpAj32t5Mg1v6HSxoF,1.00
2026-06-09 13:31:50.000,miners,1,207,119993,44773,20922,0,0,0.405,79,0,5EWwdZB7qCCMaAso5Mzcks4UUcPxKYvpAj32t5Mg1v6HSxoF,0,84.32.70.8:9001,-236516,-478,bittensor,0.0650,0,0.513,25732,79.9,miners,79,36,-236516,-478,1,1.95e-10,47060,0,0,1.09,20260606_1135,validator_metrics,15359128,10857,5730929,0,5EWwdZB7qCCMaAso5Mzcks4UUcPxKYvpAj32t5Mg1v6HSxoF,1.00
2026-06-09 13:31:50.000,miners,1,208,131495,65724,7978,0,0,0.416,79,0,5EWwdZB7qCCMaAso5Mzcks4UUcPxKYvpAj32t5Mg1v6HSxoF,0,84.32.70.8:9001,-27091,-158,bittensor,0.135,0,0.527,30188,15092,miners,79,26,-27091,-158,1,3.29e-11,4012569,0,0,1.45,20260606_1135,validator_metrics,16831416,2208,8412706,0,5EWwdZB7qCCMaAso5Mzcks4UUcPxKYvpAj32t5Mg1v6HSxoF,1.00
2026-06-09 13:31:50.000,miners,1,209,258020,115211,3608,0,0,0.387,79,0,5EWwdZB7qCCMaAso5Mzcks4UUcPxKYvpAj32t5Mg1v6HSxoF,0,84.32.70.8:9001,-68422,-102,bittensor,-0.0505,0,0.490,191842,78894,miners,79,171,-68422,-102,1,-1.19e-9,5271253,0,0,0.124,20260606_1135,validator_metrics,33026517,-74942,14747019,0,5EWwdZB7qCCMaAso5Mzcks4UUcPxKYvpAj32t5Mg1v6HSxoF,1.00
2026-06-09 13:31:50.000,miners,1,21,183388,77216,20577,0,0,0.397,79,0,5EWwdZB7qCCMaAso5Mzcks4UUcPxKYvpAj32t5Mg1v6HSxoF,0,84.32.70.8:9001,-212212,-472,bittensor,0.0105,0,0.502,75723,21386,miners,79,91,-212212,-472,1,9.71e-11,148978,0,0,0.449,20260606_1135,validator_metrics,23473654,4783,9883621,0,5EWwdZB7qCCMaAso5Mzcks4UUcPxKYvpAj32t5Mg1v6HSxoF,1.00
2026-06-09 13:31:50.000,miners,1,211,198219,84667,20702,0,0,0.398,79,0,5EWwdZB7qCCMaAso5Mzcks4UUcPxKYvpAj32t5Mg1v6HSxoF,0,84.32.70.8:9001,-181331,-479,bittensor,0.0177,0,0.504,35861,1886,miners,79,74,-181331,-479,1,1.42e-10,147638,0,0,0.569,20260606_1135,validator_metrics,25372031,6591,10837388,0,5EWwdZB7qCCMaAso5Mzcks4UUcPxKYvpAj32t5Mg1v6HSxoF,1.00
2026-06-09 13:31:50.000,miners,1,212,247661,109784,2788,0,0,0.388,79,0,5EWwdZB7qCCMaAso5Mzcks4UUcPxKYvpAj32t5Mg1v6HSxoF,0,84.32.70.8:9001,-57831,-99.3,bittensor,-0.0436,0,0.491,170369,75528,miners,79,152,-57831,-99.3,1,-9.17e-10,5522804,0,0,0.170,20260606_1135,validator_metrics,31700574,-56787,14052322,0,5EWwdZB7qCCMaAso5Mzcks4UUcPxKYvpAj32t5Mg1v6HSxoF,1.00
2026-06-09 13:31:50.000,miners,1,214,260203,115112,7851,0,0,0.394,79,0,5EWwdZB7qCCMaAso5Mzcks4UUcPxKYvpAj32t5Mg1v6HSxoF,0,84.32.70.8:9001,-31085,-197,bittensor,-0.00487,0,0.499,119924,43849,miners,79,106,-31085,-197,1,-5.46e-11,4054010,0,0,0.322,20260606_1135,validator_metrics,33306044,-2095,14734389,0,5EWwdZB7qCCMaAso5Mzcks4UUcPxKYvpAj32t5Mg1v6HSxoF,1.00
2026-06-09 13:31:50.000,miners,1,215,67753,25981,1649,0,0,0.382,79,0,5EWwdZB7qCCMaAso5Mzcks4UUcPxKYvpAj32t5Mg1v6HSxoF,0,84.32.70.8:9001,-270596,-42.9,bittensor,-0.0831,0,0.483,35399,10393,miners,79,196,-270596,-42.9,1,-1.54e-9,5779616,0,0,0.0723,20260606_1135,validator_metrics,8672340,-107700,3325536,0,5EWwdZB7qCCMaAso5Mzcks4UUcPxKYvpAj32t5Mg1v6HSxoF,1.00
2026-06-09 13:31:50.000,miners,1,22,128615,64269,7965,0,0,0.423,79,0,5EWwdZB7qCCMaAso5Mzcks4UUcPxKYvpAj32t5Mg1v6HSxoF,0,84.32.70.8:9001,-28121,-211,bittensor,0.178,0,0.536,30086,14968,miners,79,7,-28121,-211,1,3.36e-11,4016655,0,0,4.20,20260606_1135,validator_metrics,16462700,2271,8226456,0,5EWwdZB7qCCMaAso5Mzcks4UUcPxKYvpAj32t5Mg1v6HSxoF,1.00
2026-06-09 13:31:50.000,miners,1,221,299461,133919,4831,0,0,0.387,79,0,5EWwdZB7qCCMaAso5Mzcks4UUcPxKYvpAj32t5Mg1v6HSxoF,0,84.32.70.8:9001,-78019,-145,bittensor,-0.0517,0,0.490,231996,94936,miners,79,184,-78019,-145,1,-1.18e-9,4902236,0,0,0.106,20260606_1135,validator_metrics,38330997,-72914,17141633,0,5EWwdZB7qCCMaAso5Mzcks4UUcPxKYvpAj32t5Mg1v6HSxoF,1.00
2026-06-09 13:31:50.000,miners,1,222,333642,146031,20683,0,0,0.399,79,0,5EWwdZB7qCCMaAso5Mzcks4UUcPxKYvpAj32t5Mg1v6HSxoF,0,84.32.70.8:9001,-119880,-472,bittensor,0.0263,0,0.505,163901,59367,miners,79,48,-119880,-472,1,1.86e-10,163726,0,0,0.834,20260606_1135,validator_metrics,42706220,14452,18691918,0,5EWwdZB7qCCMaAso5Mzcks4UUcPxKYvpAj32t5Mg1v6HSxoF,1.00
2026-06-09 13:31:50.000,miners,1,224,101872,36116,20646,0,0,0.397,79,0,5EWwdZB7qCCMaAso5Mzcks4UUcPxKYvpAj32t5Mg1v6HSxoF,0,84.32.70.8:9001,-237521,-471,bittensor,0.00996,0,0.502,29263,1299,miners,79,82,-237521,-471,1,7.89e-11,142714,0,0,0.507,20260606_1135,validator_metrics,13039639,7382,4622801,0,5EWwdZB7qCCMaAso5Mzcks4UUcPxKYvpAj32t5Mg1v6HSxoF,1.00
2026-06-09 13:31:50.000,miners,1,226,34958,17472,8474,0,0,0.418,79,0,5EWwdZB7qCCMaAso5Mzcks4UUcPxKYvpAj32t5Mg1v6HSxoF,0,84.32.70.8:9001,-75787,-180,bittensor,0.145,0,0.529,6164,3082,miners,79,20,-75787,-180,1,3.31e-11,3861955,0,0,2.12,20260606_1135,validator_metrics,4474646,2282,2236398,0,5EWwdZB7qCCMaAso5Mzcks4UUcPxKYvpAj32t5Mg1v6HSxoF,1.00
2026-06-09 13:31:50.000,miners,1,227,185042,79428,2464,0,0,0.401,79,0,5EWwdZB7qCCMaAso5Mzcks4UUcPxKYvpAj32t5Mg1v6HSxoF,0,84.32.70.8:9001,-5759,-57.9,bittensor,0.0406,0,0.508,132478,52421,miners,79,50,-5759,-57.9,1,9.32e-10,5665361,0,0,0.804,20260606_1135,validator_metrics,23685331,69055,10166789,0,5EWwdZB7qCCMaAso5Mzcks4UUcPxKYvpAj32t5Mg1v6HSxoF,1.00
2026-06-09 13:31:50.000,miners,1,228,135992,53572,20684,0,0,0.398,79,0,5EWwdZB7qCCMaAso5Mzcks4UUcPxKYvpAj32t5Mg1v6HSxoF,0,84.32.70.8:9001,-210365,-471,bittensor,0.0185,0,0.504,27814,1432,miners,79,52,-210365,-471,1,1.56e-10,148455,0,0,0.791,20260606_1135,validator_metrics,17407020,14832,6857154,0,5EWwdZB7qCCMaAso5Mzcks4UUcPxKYvpAj32t5Mg1v6HSxoF,1.00
2026-06-09 13:31:50.000,miners,1,229,82894,27967,55.0,0,0,0.529,79,0,5EWwdZB7qCCMaAso5Mzcks4UUcPxKYvpAj32t5Mg1v6HSxoF,0,84.32.70.8:9001,186174,-0.985,bittensor,0.848,0,0.670,49662,13016,miners,79,0,186174,-0.985,1,6.31e-10,6569919,0,0,22.5,20260606_1135,validator_metrics,10610455,53824,3579798,0,5EWwdZB7qCCMaAso5Mzcks4UUcPxKYvpAj32t5Mg1v6HSxoF,1.00
2026-06-09 13:31:50.000,miners,1,23,236298,107239,8260,0,0,0.386,79,0,5EWwdZB7qCCMaAso5Mzcks4UUcPxKYvpAj32t5Mg1v6HSxoF,0,84.32.70.8:9001,-111043,-208,bittensor,-0.0539,0,0.489,170612,78517,miners,79,185,-111043,-208,1,-1.34e-9,3855119,0,0,0.105,20260606_1135,validator_metrics,30246198,-87272,13726532,0,5EWwdZB7qCCMaAso5Mzcks4UUcPxKYvpAj32t5Mg1v6HSxoF,1.00
2026-06-09 13:31:50.000,miners,1,231,102400,48012,10684,0,0,0.394,79,0,5EWwdZB7qCCMaAso5Mzcks4UUcPxKYvpAj32t5Mg1v6HSxoF,0,84.32.70.8:9001,-107205,-242,bittensor,-0.00460,0,0.499,21931,9871,miners,79,101,-107205,-242,1,-5.64e-11,3176257,0,0,0.366,20260606_1135,validator_metrics,13107217,-2158,6145473,0,5EWwdZB7qCCMaAso5Mzcks4UUcPxKYvpAj32t5Mg1v6HSxoF,1.00
2026-06-09 13:31:50.000,miners,1,232,113729,56842,8151,0,0,0.422,79,0,5EWwdZB7qCCMaAso5Mzcks4UUcPxKYvpAj32t5Mg1v6HSxoF,0,84.32.70.8:9001,-27054,-179,bittensor,0.168,0,0.534,27479,13737,miners,79,13,-27054,-179,1,3.27e-11,3960855,0,0,2.82,20260606_1135,validator_metrics,14557278,2336,7275744,0,5EWwdZB7qCCMaAso5Mzcks4UUcPxKYvpAj32t5Mg1v6HSxoF,1.00
2026-06-09 13:31:50.000,miners,1,233,179333,89632,8067,0,0,0.421,79,0,5EWwdZB7qCCMaAso5Mzcks4UUcPxKYvpAj32t5Mg1v6HSxoF,0,84.32.70.8:9001,-28400,-176,bittensor,0.166,0,0.533,47654,23820,miners,79,17,-28400,-176,1,3.49e-11,3986229,0,0,2.42,20260606_1135,validator_metrics,22954660,2263,11472948,0,5EWwdZB7qCCMaAso5Mzcks4UUcPxKYvpAj32t5Mg1v6HSxoF,1.00
2026-06-09 13:31:50.000,miners,1,234,167970,83951,8138,0,0,0.421,79,0,5EWwdZB7qCCMaAso5Mzcks4UUcPxKYvpAj32t5Mg1v6HSxoF,0,84.32.70.8:9001,-26292,-176,bittensor,0.167,0,0.533,43010,21501,miners,79,18,-26292,-176,1,3.21e-11,3965015,0,0,2.31,20260606_1135,validator_metrics,21500159,2278,10745754,0,5EWwdZB7qCCMaAso5Mzcks4UUcPxKYvpAj32t5Mg1v6HSxoF,1.00
2026-06-09 13:31:50.000,miners,1,235,194648,82671,20708,0,0,0.397,79,0,5EWwdZB7qCCMaAso5Mzcks4UUcPxKYvpAj32t5Mg1v6HSxoF,0,84.32.70.8:9001,-179491,-478,bittensor,0.0143,0,0.503,28271,1734,miners,79,66,-179491,-478,1,1.2e-10,145874,0,0,0.608,20260606_1135,validator_metrics,24914888,8034,10581932,0,5EWwdZB7qCCMaAso5Mzcks4UUcPxKYvpAj32t5Mg1v6HSxoF,1.00
2026-06-09 13:31:50.000,miners,1,238,154848,67604,2719,0,0,0.390,79,0,5EWwdZB7qCCMaAso5Mzcks4UUcPxKYvpAj32t5Mg1v6HSxoF,0,84.32.70.8:9001,-4123,-91.5,bittensor,-0.0343,0,0.493,95732,43362,miners,79,129,-4123,-91.5,1,-7.35e-10,5595801,0,0,0.254,20260606_1135,validator_metrics,19820486,-36182,8653351,0,5EWwdZB7qCCMaAso5Mzcks4UUcPxKYvpAj32t5Mg1v6HSxoF,1.00
2026-06-09 13:31:50.000,miners,1,24,197153,84772,8279,0,0,0.387,79,0,5EWwdZB7qCCMaAso5Mzcks4UUcPxKYvpAj32t5Mg1v6HSxoF,0,84.32.70.8:9001,-129037,-207,bittensor,-0.0495,0,0.490,127798,52776,miners,79,160,-129037,-207,1,-1.26e-9,3832967,0,0,0.151,20260606_1135,validator_metrics,25235637,-75292,10850823,0,5EWwdZB7qCCMaAso5Mzcks4UUcPxKYvpAj32t5Mg1v6HSxoF,1.00
2026-06-09 13:31:50.000,miners,1,240,150059,68164,2297,0,0,0.389,79,0,5EWwdZB7qCCMaAso5Mzcks4UUcPxKYvpAj32t5Mg1v6HSxoF,0,84.32.70.8:9001,-11695,-76.4,bittensor,-0.0373,0,0.493,94555,45020,miners,79,138,-11695,-76.4,1,-8.85e-10,5709720,0,0,0.225,20260606_1135,validator_metrics,19207541,-43789,8724987,0,5EWwdZB7qCCMaAso5Mzcks4UUcPxKYvpAj32t5Mg1v6HSxoF,1.00
2026-06-09 13:31:50.000,miners,1,241,453607,210135,19105,0,0,0.402,79,0,5EWwdZB7qCCMaAso5Mzcks4UUcPxKYvpAj32t5Mg1v6HSxoF,0,84.32.70.8:9001,-62113,-460,bittensor,0.0442,0,0.509,226978,101027,miners,79,39,-62113,-460,1,2.34e-10,691967,0,0,1.02,20260606_1135,validator_metrics,58061738,28163,26897255,0,5EWwdZB7qCCMaAso5Mzcks4UUcPxKYvpAj32t5Mg1v6HSxoF,1.00
2026-06-09 13:31:50.000,miners,1,243,138270,69104,7980,0,0,0.422,79,0,5EWwdZB7qCCMaAso5Mzcks4UUcPxKYvpAj32t5Mg1v6HSxoF,0,84.32.70.8:9001,-26212,-215,bittensor,0.174,0,0.535,37046,18486,miners,79,19,-26212,-215,1,3.14e-11,4012366,0,0,2.29,20260606_1135,validator_metrics,17698534,2274,8845316,0,5EWwdZB7qCCMaAso5Mzcks4UUcPxKYvpAj32t5Mg1v6HSxoF,1.00
2026-06-09 13:31:50.000,miners,1,244,457927,212906,18982,0,0,0.397,79,0,5EWwdZB7qCCMaAso5Mzcks4UUcPxKYvpAj32t5Mg1v6HSxoF,0,84.32.70.8:9001,-78058,-429,bittensor,0.0137,0,0.503,223946,99577,miners,79,85,-78058,-429,1,8.55e-11,710380,0,0,0.497,20260606_1135,validator_metrics,58614667,15203,27251938,0,5EWwdZB7qCCMaAso5Mzcks4UUcPxKYvpAj32t5Mg1v6HSxoF,1.00
2026-06-09 13:31:50.000,miners,1,245,145614,67122,3541,0,0,0.388,79,0,5EWwdZB7qCCMaAso5Mzcks4UUcPxKYvpAj32t5Mg1v6HSxoF,0,84.32.70.8:9001,-89780,-97.6,bittensor,-0.0447,0,0.491,92319,40684,miners,79,150,-89780,-97.6,1,-1.04e-9,5304121,0,0,0.174,20260606_1135,validator_metrics,18638566,-64039,8591558,0,5EWwdZB7qCCMaAso5Mzcks4UUcPxKYvpAj32t5Mg1v6HSxoF,1.00
2026-06-09 13:31:50.000,miners,1,247,459590,214041,18695,0,0,0.397,79,0,5EWwdZB7qCCMaAso5Mzcks4UUcPxKYvpAj32t5Mg1v6HSxoF,0,84.32.70.8:9001,-74111,-429,bittensor,0.0150,0,0.503,216215,90625,miners,79,76,-74111,-429,1,1.12e-10,800909,0,0,0.545,20260606_1135,validator_metrics,58827520,18105,27397188,0,5EWwdZB7qCCMaAso5Mzcks4UUcPxKYvpAj32t5Mg1v6HSxoF,1.00
2026-06-09 13:31:50.000,miners,1,248,118491,59224,8207,0,0,0.424,79,0,5EWwdZB7qCCMaAso5Mzcks4UUcPxKYvpAj32t5Mg1v6HSxoF,0,84.32.70.8:9001,-28274,-182,bittensor,0.186,0,0.537,36083,17995,miners,79,10,-28274,-182,1,3.48e-11,3944408,0,0,3.77,20260606_1135,validator_metrics,15166810,2346,7580727,0,5EWwdZB7qCCMaAso5Mzcks4UUcPxKYvpAj32t5Mg1v6HSxoF,1.00
2026-06-09 13:31:50.000,miners,1,25,77481,35600,7494,0,0,0.387,79,0,5EWwdZB7qCCMaAso5Mzcks4UUcPxKYvpAj32t5Mg1v6HSxoF,0,84.32.70.8:9001,-189010,-184,bittensor,-0.0488,0,0.490,47239,20398,miners,79,161,-189010,-184,1,-1.22e-9,4071330,0,0,0.150,20260606_1135,validator_metrics,9917619,-73814,4556852,0,5EWwdZB7qCCMaAso5Mzcks4UUcPxKYvpAj32t5Mg1v6HSxoF,1.00
2026-06-09 13:31:50.000,miners,1,250,23480,11391,7825,0,0,0.409,79,0,5EWwdZB7qCCMaAso5Mzcks4UUcPxKYvpAj32t5Mg1v6HSxoF,0,84.32.70.8:9001,-162496,-204,bittensor,0.0857,0,0.517,11548,5407,miners,79,32,-162496,-204,1,7.82e-11,4056414,0,0,1.27,20260606_1135,validator_metrics,3005377,5723,1458001,0,5EWwdZB7qCCMaAso5Mzcks4UUcPxKYvpAj32t5Mg1v6HSxoF,1.00
2026-06-09 13:31:50.000,miners,1,252,142877,71420,8385,0,0,0.430,79,0,5EWwdZB7qCCMaAso5Mzcks4UUcPxKYvpAj32t5Mg1v6HSxoF,0,84.32.70.8:9001,-26417,-210,bittensor,0.220,0,0.544,26624,13312,miners,79,5,-26417,-210,1,3.33e-11,3891153,0,0,6.66,20260606_1135,validator_metrics,18288253,2485,9141795,0,5EWwdZB7qCCMaAso5Mzcks4UUcPxKYvpAj32t5Mg1v6HSxoF,1.00
2026-06-09 13:31:50.000,miners,1,256,257329,126641,8081,0,0,0.395,79,0.0493,5EWwdZB7qCCMaAso5Mzcks4UUcPxKYvpAj32t5Mg1v6HSxoF,0,84.32.70.8:9001,-30595,-206,bittensor,0.000874,0,0.500,124663,61661,miners,79,99,-28746,-206,1,9.42e-12,3978157,0,0,0.387,20260606_1135,validator_metrics,32938165,1550,16210081,0,5EWwdZB7qCCMaAso5Mzcks4UUcPxKYvpAj32t5Mg1v6HSxoF,1.00
2026-06-09 13:31:50.000,miners,1,27,77058,35051,7655,0,0,0.386,79,0,5EWwdZB7qCCMaAso5Mzcks4UUcPxKYvpAj32t5Mg1v6HSxoF,0,84.32.70.8:9001,-195613,-208,bittensor,-0.0545,0,0.489,43137,19294,miners,79,192,-195613,-208,1,-1.29e-9,4015487,0,0,0.0928,20260606_1135,validator_metrics,9863406,-83183,4486465,0,5EWwdZB7qCCMaAso5Mzcks4UUcPxKYvpAj32t5Mg1v6HSxoF,1.00
2026-06-09 13:31:50.000,miners,1,30,181382,77131,8573,0,0,0.387,79,0,5EWwdZB7qCCMaAso5Mzcks4UUcPxKYvpAj32t5Mg1v6HSxoF,0,84.32.70.8:9001,-140406,-217,bittensor,-0.0516,0,0.490,115392,42118,miners,79,167,-140406,-217,1,-1.35e-9,3735158,0,0,0.131,20260606_1135,validator_metrics,23216878,-82250,9872782,0,5EWwdZB7qCCMaAso5Mzcks4UUcPxKYvpAj32t5Mg1v6HSxoF,1.00
2026-06-09 13:31:50.000,miners,1,31,29607,4545,57.5,0,0,0.402,79,0,5EWwdZB7qCCMaAso5Mzcks4UUcPxKYvpAj32t5Mg1v6HSxoF,0,84.32.70.8:9001,-21202,-1.44,bittensor,0.0423,0,0.508,8287,980,miners,79,147,-21202,-1.44,1,2.73e-10,6467270,0,0,0.196,20260606_1135,validator_metrics,3789728,27170,581729,0,5EWwdZB7qCCMaAso5Mzcks4UUcPxKYvpAj32t5Mg1v6HSxoF,1.00
2026-06-09 13:31:50.000,miners,1,32,48438,14895,15508,0,0,0.390,79,0,5EWwdZB7qCCMaAso5Mzcks4UUcPxKYvpAj32t5Mg1v6HSxoF,0,84.32.70.8:9001,-308592,-341,bittensor,-0.0341,0,0.493,13856,4168,miners,79,127,-308592,-341,1,-5.21e-10,1606045,0,0,0.260,20260606_1135,validator_metrics,6200062,-42990,1906544,0,5EWwdZB7qCCMaAso5Mzcks4UUcPxKYvpAj32t5Mg1v6HSxoF,1.00
2026-06-09 13:31:50.000,miners,1,34,110494,52047,8053,0,0,0.387,79,0,5EWwdZB7qCCMaAso5Mzcks4UUcPxKYvpAj32t5Mg1v6HSxoF,0,84.32.70.8:9001,-133057,-222,bittensor,-0.0537,0,0.489,67296,27394,miners,79,178,-133057,-222,1,-1.21e-9,3927839,0,0,0.112,20260606_1135,validator_metrics,14143182,-79973,6662067,0,5EWwdZB7qCCMaAso5Mzcks4UUcPxKYvpAj32t5Mg1v6HSxoF,1.00
2026-06-09 13:31:50.000,miners,1,36,97450,48704,7931,0,0,0.415,79,0,5EWwdZB7qCCMaAso5Mzcks4UUcPxKYvpAj32t5Mg1v6HSxoF,0,84.32.70.8:9001,-29491,-193,bittensor,0.128,0,0.526,30957,15436,miners,79,27,-29491,-193,1,3.29e-11,4026633,0,0,1.45,20260606_1135,validator_metrics,12473624,2234,6234140,0,5EWwdZB7qCCMaAso5Mzcks4UUcPxKYvpAj32t5Mg1v6HSxoF,1.00
2026-06-09 13:31:50.000,miners,1,37,485933,227712,11360,0,0,0.397,79,0,5EWwdZB7qCCMaAso5Mzcks4UUcPxKYvpAj32t5Mg1v6HSxoF,0,84.32.70.8:9001,-27460,-221,bittensor,0.0153,0,0.503,364204,159557,miners,79,67,-27460,-221,1,6.39e-11,3020749,0,0,0.596,20260606_1135,validator_metrics,62199374,2788,29147170,0,5EWwdZB7qCCMaAso5Mzcks4UUcPxKYvpAj32t5Mg1v6HSxoF,1.00
2026-06-09 13:31:50.000,miners,1,38,238576,107503,7500,0,0,0.387,79,0,5EWwdZB7qCCMaAso5Mzcks4UUcPxKYvpAj32t5Mg1v6HSxoF,0,84.32.70.8:9001,-96599,-200,bittensor,-0.0531,0,0.489,172977,80359,miners,79,175,-96599,-200,1,-1.29e-9,4094512,0,0,0.119,20260606_1135,validator_metrics,30537698,-83219,13760437,0,5EWwdZB7qCCMaAso5Mzcks4UUcPxKYvpAj32t5Mg1v6HSxoF,1.00
2026-06-09 13:31:50.000,miners,1,39,119337,59639,7977,0,0,0.422,79,0,5EWwdZB7qCCMaAso5Mzcks4UUcPxKYvpAj32t5Mg1v6HSxoF,0,84.32.70.8:9001,-26591,-169,bittensor,0.169,0,0.534,44097,22014,miners,79,11,-26591,-169,1,2.99e-11,4013218,0,0,2.97,20260606_1135,validator_metrics,15275125,2223,7633772,0,5EWwdZB7qCCMaAso5Mzcks4UUcPxKYvpAj32t5Mg1v6HSxoF,1.00
2026-06-09 13:31:50.000,miners,1,4,45274,22632,7981,0,0,0.418,79,0,5EWwdZB7qCCMaAso5Mzcks4UUcPxKYvpAj32t5Mg1v6HSxoF,0,84.32.70.8:9001,-60638,-174,bittensor,0.145,0,0.529,13473,6736,miners,79,23,-60638,-174,1,2.77e-11,4011366,0,0,1.74,20260606_1135,validator_metrics,5795114,2183,2896846,0,5EWwdZB7qCCMaAso5Mzcks4UUcPxKYvpAj32t5Mg1v6HSxoF,1.00
2026-06-09 13:31:50.000,miners,1,40,244777,116713,11343,0,0,0.394,79,0,5EWwdZB7qCCMaAso5Mzcks4UUcPxKYvpAj32t5Mg1v6HSxoF,0,84.32.70.8:9001,-67288,-264,bittensor,-0.00502,0,0.499,116739,50384,miners,79,102,-67288,-264,1,-8.96e-11,2979263,0,0,0.361,20260606_1135,validator_metrics,31331492,-10794,14939213,0,5EWwdZB7qCCMaAso5Mzcks4UUcPxKYvpAj32t5Mg1v6HSxoF,1.00
2026-06-09 13:31:50.000,miners,1,41,258662,124625,11915,0,0,0.387,79,0,5EWwdZB7qCCMaAso5Mzcks4UUcPxKYvpAj32t5Mg1v6HSxoF,0,84.32.70.8:9001,-121880,-278,bittensor,-0.0476,0,0.490,156837,70948,miners,79,155,-121880,-278,1,-9.04e-10,2783079,0,0,0.166,20260606_1135,validator_metrics,33108751,-63535,15951991,0,5EWwdZB7qCCMaAso5Mzcks4UUcPxKYvpAj32t5Mg1v6HSxoF,1.00
2026-06-09 13:31:50.000,miners,1,42,319219,148822,3804,0,0,0.395,79,0.960,5EWwdZB7qCCMaAso5Mzcks4UUcPxKYvpAj32t5Mg1v6HSxoF,0,84.32.70.8:9001,37686,-82.0,bittensor,-0.00174,0,0.500,17632,7374,miners,79,109,37686,-82.0,1,-1.22e-11,5315016,0,0,0.311,20260606_1135,validator_metrics,40859992,-1640,19049279,0,5EWwdZB7qCCMaAso5Mzcks4UUcPxKYvpAj32t5Mg1v6HSxoF,1.00
2026-06-09 13:31:50.000,miners,1,43,326910,162426,6274,0,0,0.388,79,0,5EWwdZB7qCCMaAso5Mzcks4UUcPxKYvpAj32t5Mg1v6HSxoF,0,84.32.70.8:9001,-85135,-174,bittensor,-0.0462,0,0.491,210868,104498,miners,79,151,-85135,-174,1,-9.76e-10,4468679,0,0,0.172,20260606_1135,validator_metrics,41844430,-63279,20790540,0,5EWwdZB7qCCMaAso5Mzcks4UUcPxKYvpAj32t5Mg1v6HSxoF,1.00
2026-06-09 13:31:50.000,miners,1,44,451873,209780,19042,0,0,0.398,79,0,5EWwdZB7qCCMaAso5Mzcks4UUcPxKYvpAj32t5Mg1v6HSxoF,0,84.32.70.8:9001,-92394,-426,bittensor,0.0206,0,0.504,207587,83897,miners,79,63,-92394,-426,1,1.2e-10,679210,0,0,0.639,20260606_1135,validator_metrics,57839803,14810,26851858,0,5EWwdZB7qCCMaAso5Mzcks4UUcPxKYvpAj32t5Mg1v6HSxoF,1.00
2026-06-09 13:31:50.000,miners,1,45,240222,108967,7641,0,0,0.386,79,0,5EWwdZB7qCCMaAso5Mzcks4UUcPxKYvpAj32t5Mg1v6HSxoF,0,84.32.70.8:9001,-105869,-199,bittensor,-0.0545,0,0.489,178441,81904,miners,79,183,-105869,-199,1,-1.34e-9,4044332,0,0,0.108,20260606_1135,validator_metrics,30748420,-90306,13947810,0,5EWwdZB7qCCMaAso5Mzcks4UUcPxKYvpAj32t5Mg1v6HSxoF,1.00
2026-06-09 13:31:50.000,miners,1,46,185203,79300,4756,0,0,0.389,79,0,5EWwdZB7qCCMaAso5Mzcks4UUcPxKYvpAj32t5Mg1v6HSxoF,0,84.32.70.8:9001,-60032,-160,bittensor,-0.0388,0,0.492,110425,45588,miners,79,142,-60032,-160,1,-7.79e-10,4941636,0,0,0.209,20260606_1135,validator_metrics,23705944,-46016,10150350,0,5EWwdZB7qCCMaAso5Mzcks4UUcPxKYvpAj32t5Mg1v6HSxoF,1.00
2026-06-09 13:31:50.000,miners,1,47,348713,147474,20666,0,0,0.398,79,0,5EWwdZB7qCCMaAso5Mzcks4UUcPxKYvpAj32t5Mg1v6HSxoF,0,84.32.70.8:9001,-123576,-472,bittensor,0.0170,0,0.503,168048,52421,miners,79,60,-123576,-472,1,1.48e-10,164778,0,0,0.680,20260606_1135,validator_metrics,44635258,5657,18876688,0,5EWwdZB7qCCMaAso5Mzcks4UUcPxKYvpAj32t5Mg1v6HSxoF,1.00
2026-06-09 13:31:50.000,miners,1,48,273485,118845,20708,0,0,0.399,79,0,5EWwdZB7qCCMaAso5Mzcks4UUcPxKYvpAj32t5Mg1v6HSxoF,0,84.32.70.8:9001,-91019,-467,bittensor,0.0261,0,0.505,118733,39320,miners,79,46,-91019,-467,1,1.81e-10,185709,0,0,0.861,20260606_1135,validator_metrics,35006025,18747,15212219,0,5EWwdZB7qCCMaAso5Mzcks4UUcPxKYvpAj32t5Mg1v6HSxoF,1.00
2026-06-09 13:31:50.000,miners,1,49,342644,150723,20681,0,0,0.399,79,0,5EWwdZB7qCCMaAso5Mzcks4UUcPxKYvpAj32t5Mg1v6HSxoF,0,84.32.70.8:9001,-116283,-474,bittensor,0.0244,0,0.505,175601,65777,miners,79,47,-116283,-474,1,1.91e-10,167784,0,0,0.841,20260606_1135,validator_metrics,43858394,13670,19292593,0,5EWwdZB7qCCMaAso5Mzcks4UUcPxKYvpAj32t5Mg1v6HSxoF,1.00
2026-06-09 13:31:50.000,miners,1,5,180093,74812,20649,0,0,0.397,79,0,5EWwdZB7qCCMaAso5Mzcks4UUcPxKYvpAj32t5Mg1v6HSxoF,0,84.32.70.8:9001,-182213,-475,bittensor,0.0146,0,0.503,29090,1150,miners,79,71,-182213,-475,1,1.24e-10,159764,0,0,0.583,20260606_1135,validator_metrics,23051892,11468,9575983,0,5EWwdZB7qCCMaAso5Mzcks4UUcPxKYvpAj32t5Mg1v6HSxoF,1.00
2026-06-09 13:31:50.000,miners,1,51,94255,43746,8763,0,0,0.387,79,0,5EWwdZB7qCCMaAso5Mzcks4UUcPxKYvpAj32t5Mg1v6HSxoF,0,84.32.70.8:9001,-151039,-232,bittensor,-0.0485,0,0.490,59530,23727,miners,79,156,-151039,-232,1,-1.17e-9,3704530,0,0,0.165,20260606_1135,validator_metrics,12064587,-72054,5599541,0,5EWwdZB7qCCMaAso5Mzcks4UUcPxKYvpAj32t5Mg1v6HSxoF,1.00
2026-06-09 13:31:50.000,miners,1,52,326961,144277,20653,0,0,0.397,79,0,5EWwdZB7qCCMaAso5Mzcks4UUcPxKYvpAj32t5Mg1v6HSxoF,0,84.32.70.8:9001,-110739,-466,bittensor,0.0104,0,0.502,154891,53732,miners,79,86,-110739,-466,1,8.64e-11,182048,0,0,0.493,20260606_1135,validator_metrics,41851045,8393,18467478,0,5EWwdZB7qCCMaAso5Mzcks4UUcPxKYvpAj32t5Mg1v6HSxoF,1.00
2026-06-09 13:31:50.000,miners,1,53,127049,59926,7233,0,0,0.387,79,0,5EWwdZB7qCCMaAso5Mzcks4UUcPxKYvpAj32t5Mg1v6HSxoF,0,84.32.70.8:9001,-115951,-206,bittensor,-0.0519,0,0.490,82896,37699,miners,79,181,-115951,-206,1,-1.27e-9,4180292,0,0,0.109,20260606_1135,validator_metrics,16262231,-81079,7670542,0,5EWwdZB7qCCMaAso5Mzcks4UUcPxKYvpAj32t5Mg1v6HSxoF,1.00
2026-06-09 13:31:50.000,miners,1,54,182605,77847,8319,0,0,0.387,79,0,5EWwdZB7qCCMaAso5Mzcks4UUcPxKYvpAj32t5Mg1v6HSxoF,0,84.32.70.8:9001,-139671,-202,bittensor,-0.0526,0,0.489,116310,45449,miners,79,174,-139671,-202,1,-1.36e-9,3811088,0,0,0.121,20260606_1135,validator_metrics,23373404,-86978,9964388,0,5EWwdZB7qCCMaAso5Mzcks4UUcPxKYvpAj32t5Mg1v6HSxoF,1.00
2026-06-09 13:31:50.000,miners,1,55,180745,77225,5242,0,0,0.389,79,0,5EWwdZB7qCCMaAso5Mzcks4UUcPxKYvpAj32t5Mg1v6HSxoF,0,84.32.70.8:9001,-61206,-158,bittensor,-0.0363,0,0.493,109455,45823,miners,79,136,-61206,-158,1,-6.65e-10,4797921,0,0,0.234,20260606_1135,validator_metrics,23135352,-43072,9884759,0,5EWwdZB7qCCMaAso5Mzcks4UUcPxKYvpAj32t5Mg1v6HSxoF,1.00
2026-06-09 13:31:50.000,miners,1,56,135668,64182,6201,0,0,0.389,79,0,5EWwdZB7qCCMaAso5Mzcks4UUcPxKYvpAj32t5Mg1v6HSxoF,0,84.32.70.8:9001,-90839,-159,bittensor,-0.0389,0,0.492,87470,40209,miners,79,134,-90839,-159,1,-8.9e-10,4520043,0,0,0.239,20260606_1135,validator_metrics,17365504,-51783,8215276,0,5EWwdZB7qCCMaAso5Mzcks4UUcPxKYvpAj32t5Mg1v6HSxoF,1.00
2026-06-09 13:31:50.000,miners,1,57,44721,11515,16891,0,0,0.393,79,0,5EWwdZB7qCCMaAso5Mzcks4UUcPxKYvpAj32t5Mg1v6HSxoF,0,84.32.70.8:9001,-310697,-381,bittensor,-0.0138,0,0.497,7521,1370,miners,79,110,-310697,-381,1,-1.49e-10,1197952,0,0,0.304,20260606_1135,validator_metrics,5724240,-11912,1473939,0,5EWwdZB7qCCMaAso5Mzcks4UUcPxKYvpAj32t5Mg1v6HSxoF,1.00
2026-06-09 13:31:50.000,miners,1,59,24582,11268,8558,0,0,0.393,79,0,5EWwdZB7qCCMaAso5Mzcks4UUcPxKYvpAj32t5Mg1v6HSxoF,0,84.32.70.8:9001,-180839,-207,bittensor,-0.0153,0,0.497,13248,5950,miners,79,113,-180839,-207,1,-2.18e-10,3817478,0,0,0.294,20260606_1135,validator_metrics,3146544,-16669,1442261,0,5EWwdZB7qCCMaAso5Mzcks4UUcPxKYvpAj32t5Mg1v6HSxoF,1.00
2026-06-09 13:31:50.000,miners,1,60,131365,65658,8316,0,0,0.426,79,0,5EWwdZB7qCCMaAso5Mzcks4UUcPxKYvpAj32t5Mg1v6HSxoF,0,84.32.70.8:9001,-29360,-192,bittensor,0.196,0,0.539,30700,15348,miners,79,6,-29360,-192,1,2.99e-11,3910756,0,0,6.04,20260606_1135,validator_metrics,16814692,2179,8404245,0,5EWwdZB7qCCMaAso5Mzcks4UUcPxKYvpAj32t5Mg1v6HSxoF,1.00
2026-06-09 13:31:50.000,miners,1,61,141535,68167,10729,0,0,0.394,79,0,5EWwdZB7qCCMaAso5Mzcks4UUcPxKYvpAj32t5Mg1v6HSxoF,0,84.32.70.8:9001,-49951,-247,bittensor,-0.00825,0,0.498,62833,29723,miners,79,108,-49951,-247,1,-1.61e-10,3175532,0,0,0.317,20260606_1135,validator_metrics,18116504,-11298,8725414,0,5EWwdZB7qCCMaAso5Mzcks4UUcPxKYvpAj32t5Mg1v6HSxoF,1.00
2026-06-09 13:31:50.000,miners,1,62,442221,204157,18903,0,0,0.397,79,0,5EWwdZB7qCCMaAso5Mzcks4UUcPxKYvpAj32t5Mg1v6HSxoF,0,84.32.70.8:9001,-76906,-449,bittensor,0.0103,0,0.502,235734,93344,miners,79,95,-76906,-449,1,5.68e-11,737204,0,0,0.429,20260606_1135,validator_metrics,56604296,14220,26132116,0,5EWwdZB7qCCMaAso5Mzcks4UUcPxKYvpAj32t5Mg1v6HSxoF,1.00
2026-06-09 13:31:50.000,miners,1,63,79745,36322,7187,0,0,0.386,79,0,5EWwdZB7qCCMaAso5Mzcks4UUcPxKYvpAj32t5Mg1v6HSxoF,0,84.32.70.8:9001,-193424,-194,bittensor,-0.0561,0,0.489,47952,20268,miners,79,193,-193424,-194,1,-1.36e-9,4152989,0,0,0.0914,20260606_1135,validator_metrics,10207303,-84828,4649181,0,5EWwdZB7qCCMaAso5Mzcks4UUcPxKYvpAj32t5Mg1v6HSxoF,1.00
2026-06-09 13:31:50.000,miners,1,64,27513,4776,15438,0,0,0.391,79,0,5EWwdZB7qCCMaAso5Mzcks4UUcPxKYvpAj32t5Mg1v6HSxoF,0,84.32.70.8:9001,-313310,-346,bittensor,-0.0259,0,0.495,3928,865,miners,79,153,-313310,-346,1,-2.84e-10,1652683,0,0,0.169,20260606_1135,validator_metrics,3521618,-22789,611326,0,5EWwdZB7qCCMaAso5Mzcks4UUcPxKYvpAj32t5Mg1v6HSxoF,1.00
2026-06-09 13:31:50.000,miners,1,66,278115,124089,4579,0,0,0.387,79,0,5EWwdZB7qCCMaAso5Mzcks4UUcPxKYvpAj32t5Mg1v6HSxoF,0,84.32.70.8:9001,-67925,-131,bittensor,-0.0479,0,0.490,194760,81098,miners,79,164,-67925,-131,1,-9.96e-10,4986330,0,0,0.145,20260606_1135,validator_metrics,35598733,-56802,15883425,0,5EWwdZB7qCCMaAso5Mzcks4UUcPxKYvpAj32t5Mg1v6HSxoF,1.00
2026-06-09 13:31:50.000,miners,1,67,174416,72407,20912,0,0,0.399,79,0,5EWwdZB7qCCMaAso5Mzcks4UUcPxKYvpAj32t5Mg1v6HSxoF,0,84.32.70.8:9001,-218198,-478,bittensor,0.0243,0,0.505,38212,455,miners,79,59,-218198,-478,1,1.2e-10,45895,0,0,0.728,20260606_1135,validator_metrics,22325244,8137,9268132,0,5EWwdZB7qCCMaAso5Mzcks4UUcPxKYvpAj32t5Mg1v6HSxoF,1.00
2026-06-09 13:31:50.000,miners,1,68,242182,109079,7053,0,0,0.387,79,0,5EWwdZB7qCCMaAso5Mzcks4UUcPxKYvpAj32t5Mg1v6HSxoF,0,84.32.70.8:9001,-92361,-191,bittensor,-0.0517,0,0.490,184551,84232,miners,79,168,-92361,-191,1,-1.32e-9,4230658,0,0,0.130,20260606_1135,validator_metrics,30999257,-79621,13962069,0,5EWwdZB7qCCMaAso5Mzcks4UUcPxKYvpAj32t5Mg1v6HSxoF,1.00
2026-06-09 13:31:50.000,miners,1,69,66949,22143,17487,0,0,0.396,79,0,5EWwdZB7qCCMaAso5Mzcks4UUcPxKYvpAj32t5Mg1v6HSxoF,0,84.32.70.8:9001,-245139,-406,bittensor,0.00621,0,0.501,14709,2746,miners,79,90,-245139,-406,1,5.87e-11,1047306,0,0,0.457,20260606_1135,validator_metrics,8569413,10951,2834355,0,5EWwdZB7qCCMaAso5Mzcks4UUcPxKYvpAj32t5Mg1v6HSxoF,1.00
2026-06-09 13:31:50.000,miners,1,7,118128,48263,17242,0,0,0.396,79,0,5EWwdZB7qCCMaAso5Mzcks4UUcPxKYvpAj32t5Mg1v6HSxoF,0,84.32.70.8:9001,-232850,-398,bittensor,0.00565,0,0.501,21702,5873,miners,79,83,-232850,-398,1,6.12e-11,1120267,0,0,0.506,20260606_1135,validator_metrics,15120366,12275,6177713,0,5EWwdZB7qCCMaAso5Mzcks4UUcPxKYvpAj32t5Mg1v6HSxoF,1.00
2026-06-09 13:31:50.000,miners,1,72,437174,203247,20240,1.99,3.09,0.392,79,0,5EWwdZB7qCCMaAso5Mzcks4UUcPxKYvpAj32t5Mg1v6HSxoF,0,84.32.70.8:9001,-443864,-470,bittensor,-0.0192,0,0.496,333984,152265,miners,79,115,-443864,-470,1,-4.33e-9,95723,15009,22925,0.293,20260606_1135,validator_metrics,55958321,-304191,26015633,0,5EWwdZB7qCCMaAso5Mzcks4UUcPxKYvpAj32t5Mg1v6HSxoF,1.00
2026-06-09 13:31:50.000,miners,1,73,445504,207954,19229,0,0,0.404,79,0,5EWwdZB7qCCMaAso5Mzcks4UUcPxKYvpAj32t5Mg1v6HSxoF,0,84.32.70.8:9001,-46607,-445,bittensor,0.0588,0,0.512,199018,82500,miners,79,35,-46607,-445,1,3.82e-10,670007,0,0,1.12,20260606_1135,validator_metrics,57024518,39878,26618071,0,5EWwdZB7qCCMaAso5Mzcks4UUcPxKYvpAj32t5Mg1v6HSxoF,1.00
2026-06-09 13:31:50.000,miners,1,74,211730,91080,20791,0,0,0.406,79,0,5EWwdZB7qCCMaAso5Mzcks4UUcPxKYvpAj32t5Mg1v6HSxoF,0,84.32.70.8:9001,-124221,-460,bittensor,0.0674,0,0.513,36779,1828,miners,79,28,-124221,-460,1,4.21e-10,178559,0,0,1.42,20260606_1135,validator_metrics,27101442,37103,11658195,0,5EWwdZB7qCCMaAso5Mzcks4UUcPxKYvpAj32t5Mg1v6HSxoF,1.00
2026-06-09 13:31:50.000,miners,1,75,132898,62047,5444,0,0,0.389,79,0,5EWwdZB7qCCMaAso5Mzcks4UUcPxKYvpAj32t5Mg1v6HSxoF,0,84.32.70.8:9001,-50143,-168,bittensor,-0.0384,0,0.492,84346,39536,miners,79,139,-50143,-168,1,-7.97e-10,4757047,0,0,0.222,20260606_1135,validator_metrics,17010955,-43431,7941999,0,5EWwdZB7qCCMaAso5Mzcks4UUcPxKYvpAj32t5Mg1v6HSxoF,1.00
2026-06-09 13:31:50.000,miners,1,76,130943,61757,6152,0,0,0.389,79,0,5EWwdZB7qCCMaAso5Mzcks4UUcPxKYvpAj32t5Mg1v6HSxoF,0,84.32.70.8:9001,-58225,-185,bittensor,-0.0357,0,0.493,85044,35579,miners,79,131,-58225,-185,1,-7.92e-10,4540017,0,0,0.250,20260606_1135,validator_metrics,16760721,-49474,7904895,0,5EWwdZB7qCCMaAso5Mzcks4UUcPxKYvpAj32t5Mg1v6HSxoF,1.00
2026-06-09 13:31:50.000,miners,1,77,454523,211114,18611,0,0,0.397,79,0,5EWwdZB7qCCMaAso5Mzcks4UUcPxKYvpAj32t5Mg1v6HSxoF,0,84.32.70.8:9001,-89722,-453,bittensor,0.0144,0,0.503,236764,102946,miners,79,77,-89722,-453,1,8.43e-11,810770,0,0,0.541,20260606_1135,validator_metrics,58178988,12932,27022634,0,5EWwdZB7qCCMaAso5Mzcks4UUcPxKYvpAj32t5Mg1v6HSxoF,1.00
2026-06-09 13:31:50.000,miners,1,78,20924,10430,8341,0,0,0.397,79,0,5EWwdZB7qCCMaAso5Mzcks4UUcPxKYvpAj32t5Mg1v6HSxoF,0,84.32.70.8:9001,-144501,-214,bittensor,0.0133,0,0.503,11746,5872,miners,79,84,-144501,-214,1,1.17e-11,3898720,0,0,0.504,20260606_1135,validator_metrics,2678334,1006,1335059,0,5EWwdZB7qCCMaAso5Mzcks4UUcPxKYvpAj32t5Mg1v6HSxoF,1.00
2026-06-09 13:31:50.000,miners,1,8,138835,69395,8108,0,0,0.419,79,0,5EWwdZB7qCCMaAso5Mzcks4UUcPxKYvpAj32t5Mg1v6HSxoF,0,84.32.70.8:9001,-28201,-204,bittensor,0.154,0,0.531,26993,13462,miners,79,12,-28201,-204,1,3.16e-11,3973846,0,0,2.84,20260606_1135,validator_metrics,17770856,2123,8882558,0,5EWwdZB7qCCMaAso5Mzcks4UUcPxKYvpAj32t5Mg1v6HSxoF,1.00
2026-06-09 13:31:50.000,miners,1,80,243951,110142,6533,0,0,0.386,79,0,5EWwdZB7qCCMaAso5Mzcks4UUcPxKYvpAj32t5Mg1v6HSxoF,0,84.32.70.8:9001,-96643,-182,bittensor,-0.0538,0,0.489,176642,81000,miners,79,188,-96643,-182,1,-1.36e-9,4380344,0,0,0.103,20260606_1135,validator_metrics,31225672,-86642,14098187,0,5EWwdZB7qCCMaAso5Mzcks4UUcPxKYvpAj32t5Mg1v6HSxoF,1.00
2026-06-09 13:31:50.000,miners,1,81,453594,210157,18640,0,0,0.398,79,0,5EWwdZB7qCCMaAso5Mzcks4UUcPxKYvpAj32t5Mg1v6HSxoF,0,84.32.70.8:9001,-84215,-478,bittensor,0.0172,0,0.503,231323,102113,miners,79,69,-84215,-478,1,1.1e-10,804896,0,0,0.594,20260606_1135,validator_metrics,58060076,10196,26900158,0,5EWwdZB7qCCMaAso5Mzcks4UUcPxKYvpAj32t5Mg1v6HSxoF,1.00
2026-06-09 13:31:50.000,miners,1,82,134670,62498,5077,0,0,0.390,79,0,5EWwdZB7qCCMaAso5Mzcks4UUcPxKYvpAj32t5Mg1v6HSxoF,0,84.32.70.8:9001,-22845,-146,bittensor,-0.0339,0,0.493,84520,36799,miners,79,124,-22845,-146,1,-7.52e-10,4883100,0,0,0.264,20260606_1135,validator_metrics,17237780,-45120,7999697,0,5EWwdZB7qCCMaAso5Mzcks4UUcPxKYvpAj32t5Mg1v6HSxoF,1.00
2026-06-09 13:31:50.000,miners,1,83,428235,203676,19563,0,0,0.399,79,0,5EWwdZB7qCCMaAso5Mzcks4UUcPxKYvpAj32t5Mg1v6HSxoF,0,84.32.70.8:9001,-110269,-461,bittensor,0.0272,0,0.505,251110,114357,miners,79,54,-110269,-461,1,1.47e-10,503747,0,0,0.775,20260606_1135,validator_metrics,54814058,20129,26070520,0,5EWwdZB7qCCMaAso5Mzcks4UUcPxKYvpAj32t5Mg1v6HSxoF,1.00
2026-06-09 13:31:50.000,miners,1,85,100177,50068,8322,0,0,0.418,79,0,5EWwdZB7qCCMaAso5Mzcks4UUcPxKYvpAj32t5Mg1v6HSxoF,0,84.32.70.8:9001,-29992,-202,bittensor,0.143,0,0.529,25486,12704,miners,79,29,-29992,-202,1,3.26e-11,3909161,0,0,1.41,20260606_1135,validator_metrics,12822641,2305,6408704,0,5EWwdZB7qCCMaAso5Mzcks4UUcPxKYvpAj32t5Mg1v6HSxoF,1.00
2026-06-09 13:31:50.000,miners,1,86,192973,81748,20621,0,0,0.398,79,0,5EWwdZB7qCCMaAso5Mzcks4UUcPxKYvpAj32t5Mg1v6HSxoF,0,84.32.70.8:9001,-190166,-473,bittensor,0.0171,0,0.503,30031,1889,miners,79,70,-190166,-473,1,1.39e-10,159346,0,0,0.593,20260606_1135,validator_metrics,24700525,6815,10463725,0,5EWwdZB7qCCMaAso5Mzcks4UUcPxKYvpAj32t5Mg1v6HSxoF,1.00
2026-06-09 13:31:50.000,miners,1,87,99873,42686,11578,0,0,0.395,79,0,5EWwdZB7qCCMaAso5Mzcks4UUcPxKYvpAj32t5Mg1v6HSxoF,0,84.32.70.8:9001,-55786,-272,bittensor,-0.00156,0,0.500,69998,29279,miners,79,98,-55786,-272,1,-1.83e-11,2922152,0,0,0.390,20260606_1135,validator_metrics,12783752,-2108,5463746,0,5EWwdZB7qCCMaAso5Mzcks4UUcPxKYvpAj32t5Mg1v6HSxoF,1.00
2026-06-09 13:31:50.000,miners,1,88,116799,54362,6897,0,0,0.387,79,0,5EWwdZB7qCCMaAso5Mzcks4UUcPxKYvpAj32t5Mg1v6HSxoF,0,84.32.70.8:9001,-129737,-194,bittensor,-0.0534,0,0.489,77419,33006,miners,79,179,-129737,-194,1,-1.29e-9,4272128,0,0,0.110,20260606_1135,validator_metrics,14950237,-80830,6958361,0,5EWwdZB7qCCMaAso5Mzcks4UUcPxKYvpAj32t5Mg1v6HSxoF,1.00
2026-06-09 13:31:50.000,miners,1,89,81194,36790,6532,0,0,0.386,79,0,5EWwdZB7qCCMaAso5Mzcks4UUcPxKYvpAj32t5Mg1v6HSxoF,0,84.32.70.8:9001,-174148,-187,bittensor,-0.0544,0,0.489,48714,21493,miners,79,191,-174148,-187,1,-1.24e-9,4355572,0,0,0.0991,20260606_1135,validator_metrics,10392803,-77137,4709069,0,5EWwdZB7qCCMaAso5Mzcks4UUcPxKYvpAj32t5Mg1v6HSxoF,1.00
2026-06-09 13:31:50.000,miners,1,9,182280,77509,8489,0,0,0.387,79,0,5EWwdZB7qCCMaAso5Mzcks4UUcPxKYvpAj32t5Mg1v6HSxoF,0,84.32.70.8:9001,-133303,-210,bittensor,-0.0486,0,0.490,120649,45854,miners,79,158,-133303,-210,1,-1.22e-9,3766389,0,0,0.161,20260606_1135,validator_metrics,23331871,-75855,9921159,0,5EWwdZB7qCCMaAso5Mzcks4UUcPxKYvpAj32t5Mg1v6HSxoF,1.00
2026-06-09 13:31:50.000,miners,1,90,96531,44618,7914,0,0,0.387,79,0,5EWwdZB7qCCMaAso5Mzcks4UUcPxKYvpAj32t5Mg1v6HSxoF,0,84.32.70.8:9001,-149872,-215,bittensor,-0.0502,0,0.490,64105,25653,miners,79,163,-149872,-215,1,-1.29e-9,3960151,0,0,0.147,20260606_1135,validator_metrics,12356001,-79508,5711099,0,5EWwdZB7qCCMaAso5Mzcks4UUcPxKYvpAj32t5Mg1v6HSxoF,1.00
2026-06-09 13:31:50.000,miners,1,91,149766,60687,6794,0,0,0.388,79,0,5EWwdZB7qCCMaAso5Mzcks4UUcPxKYvpAj32t5Mg1v6HSxoF,0,84.32.70.8:9001,-45312,-201,bittensor,-0.0418,0,0.492,91486,35424,miners,79,144,-45312,-201,1,-9.25e-10,4354476,0,0,0.206,20260606_1135,validator_metrics,19170000,-55353,7767927,0,5EWwdZB7qCCMaAso5Mzcks4UUcPxKYvpAj32t5Mg1v6HSxoF,1.00
2026-06-09 13:31:50.000,miners,1,92,137683,64699,5454,0,0,0.389,79,0,5EWwdZB7qCCMaAso5Mzcks4UUcPxKYvpAj32t5Mg1v6HSxoF,0,84.32.70.8:9001,-81540,-134,bittensor,-0.0361,0,0.493,90281,41092,miners,79,128,-81540,-134,1,-8.94e-10,4743055,0,0,0.256,20260606_1135,validator_metrics,17623410,-49738,8281473,0,5EWwdZB7qCCMaAso5Mzcks4UUcPxKYvpAj32t5Mg1v6HSxoF,1.00
2026-06-09 13:31:50.000,miners,1,93,186159,79141,5215,0,0,0.388,79,0,5EWwdZB7qCCMaAso5Mzcks4UUcPxKYvpAj32t5Mg1v6HSxoF,0,84.32.70.8:9001,-69479,-157,bittensor,-0.0428,0,0.491,114427,47716,miners,79,146,-69479,-157,1,-8.95e-10,4796037,0,0,0.197,20260606_1135,validator_metrics,23828311,-52677,10130033,0,5EWwdZB7qCCMaAso5Mzcks4UUcPxKYvpAj32t5Mg1v6HSxoF,1.00
2026-06-09 13:31:50.000,miners,1,94,101587,50773,8147,0,0,0.423,79,0,5EWwdZB7qCCMaAso5Mzcks4UUcPxKYvpAj32t5Mg1v6HSxoF,0,84.32.70.8:9001,-30269,-157,bittensor,0.175,0,0.535,26696,13347,miners,79,8,-30269,-157,1,2.89e-11,3961767,0,0,3.96,20260606_1135,validator_metrics,13003180,2246,6498905,0,5EWwdZB7qCCMaAso5Mzcks4UUcPxKYvpAj32t5Mg1v6HSxoF,1.00
2026-06-09 13:31:50.000,miners,1,95,225026,100258,4669,0,0,0.389,79,0,5EWwdZB7qCCMaAso5Mzcks4UUcPxKYvpAj32t5Mg1v6HSxoF,0,84.32.70.8:9001,-58438,-152,bittensor,-0.0368,0,0.493,146018,67052,miners,79,135,-58438,-152,1,-8e-10,4969686,0,0,0.238,20260606_1135,validator_metrics,28803389,-44143,12832997,0,5EWwdZB7qCCMaAso5Mzcks4UUcPxKYvpAj32t5Mg1v6HSxoF,1.00
2026-06-09 13:31:50.000,miners,1,97,91797,45776,8294,0,0,0.404,79,0,5EWwdZB7qCCMaAso5Mzcks4UUcPxKYvpAj32t5Mg1v6HSxoF,0,84.32.70.8:9001,-72098,-196,bittensor,0.0583,0,0.512,49380,24674,miners,79,37,-72098,-196,1,8.5e-11,3918451,0,0,1.08,20260606_1135,validator_metrics,11749974,5997,5859370,0,5EWwdZB7qCCMaAso5Mzcks4UUcPxKYvpAj32t5Mg1v6HSxoF,1.00
2026-06-09 13:31:50.000,miners,1,98,115092,53858,7447,0,0,0.387,79,0,5EWwdZB7qCCMaAso5Mzcks4UUcPxKYvpAj32t5Mg1v6HSxoF,0,84.32.70.8:9001,-125663,-213,bittensor,-0.0517,0,0.490,76228,31900,miners,79,172,-125663,-213,1,-1.27e-9,4110785,0,0,0.123,20260606_1135,validator_metrics,14731737,-83409,6893808,0,5EWwdZB7qCCMaAso5Mzcks4UUcPxKYvpAj32t5Mg1v6HSxoF,1.00